id,merchantId,externalId,email,name,phone,totalTransactions,successfulTransactions,failedTransactions,totalSuccessfulValue,averageTransactionValue,previousRecoveryAttempts,previousSuccessfulRecoveries,customerSegment
f0d0ef6a-15a6-409b-b8ee-09d8b9935302,f6483f49-7190-4ed1-b230-ebf5ab3da486,cust-0,arun.kumar0@gmail.com,Arun Kumar,+917211755002,23,19,4,4350.25,228.96,0,0,AT_RISK
3cb80f86-e4fe-4c8a-8ee5-6fd93eff19f0,f6483f49-7190-4ed1-b230-ebf5ab3da486,cust-1,vikram.sharma1@mail.com,Vikram Sharma,+911652580863,16,13,3,706.37,54.34,0,0,NEW
d1432298-2195-49ef-b3cd-94a45b588ea0,f6483f49-7190-4ed1-b230-ebf5ab3da486,cust-2,arjun.joshi2@outlook.com,Arjun Joshi,+911333204190,17,15,2,1841.71,122.78,1,0,NEW
8d0aa013-a922-4f46-9847-177fd250f928,f6483f49-7190-4ed1-b230-ebf5ab3da486,cust-3,karan.mishra3@outlook.com,Karan Mishra,+915702202126,24,21,3,5094.89,242.61,1,0,AT_RISK
d1cbd0ba-5911-4b10-9942-a3cce3837d4d,f6483f49-7190-4ed1-b230-ebf5ab3da486,cust-4,meera.reddy4@outlook.com,Meera Reddy,+913676065242,17,16,1,2990.77,186.92,0,0,NEW
828cfff2-c371-46c0-ae97-1e1608df5f0f,f6483f49-7190-4ed1-b230-ebf5ab3da486,cust-5,suresh.kulkarni5@yahoo.com,Suresh Kulkarni,+916872032298,18,15,3,3042.84,202.86,1,0,AT_RISK
89ac0778-b30a-4450-ab8a-ab2872260215,f6483f49-7190-4ed1-b230-ebf5ab3da486,cust-6,kavya.joshi6@protonmail.com,Kavya Joshi,+913942252583,24,18,6,1944.7,108.04,4,2,LOYAL
958a573f-76f4-4d66-a739-0e7357c70ebf,f6483f49-7190-4ed1-b230-ebf5ab3da486,cust-7,gaurav.gupta7@mail.com,Gaurav Gupta,+914781165354,11,7,4,1524.68,217.81,1,0,LOYAL
e0edd836-6196-45d4-9147-23024d2e21ca,f6483f49-7190-4ed1-b230-ebf5ab3da486,cust-8,ishita.kulkarni8@gmail.com,Ishita Kulkarni,+916187732107,24,14,10,2160.93,154.35,3,1,AT_RISK
8c7151a1-0fa9-4a4d-97ad-975060cfd564,f6483f49-7190-4ed1-b230-ebf5ab3da486,cust-9,jaya.shah9@mail.com,Jaya Shah,+917516851319,16,14,2,1748.77,124.91,1,0,AT_RISK
8fc0734f-875c-424c-a56c-7f4b235e91cc,f6483f49-7190-4ed1-b230-ebf5ab3da486,cust-10,suresh.desai10@gmail.com,Suresh Desai,+915413982250,24,17,7,1953.25,114.9,1,0,AT_RISK
19d4d92c-af00-420e-9142-9acdaf9a2482,f6483f49-7190-4ed1-b230-ebf5ab3da486,cust-11,jaya.bhat11@gmail.com,Jaya Bhat,+919516915699,26,24,2,3095.23,128.97,0,0,LOYAL
d544dad8-e898-4204-87d1-5a515c7567a7,f6483f49-7190-4ed1-b230-ebf5ab3da486,cust-12,kunal.joshi12@outlook.com,Kunal Joshi,+913638420055,20,16,4,864.98,54.06,1,0,LOYAL
6f4d5750-2b64-4447-81e1-e9da8f7dcfb7,f6483f49-7190-4ed1-b230-ebf5ab3da486,cust-13,aarav.singh13@gmail.com,Aarav Singh,+912980262195,20,16,4,2641.24,165.08,1,0,LOYAL
6d71ff09-c976-4684-93aa-db7febdef8c0,f6483f49-7190-4ed1-b230-ebf5ab3da486,cust-14,ravi.mehta14@protonmail.com,Ravi Mehta,+918104447690,22,20,2,3586.86,179.34,0,0,LOYAL
018a9236-34fa-4321-9f67-3a9e63944f5b,f6483f49-7190-4ed1-b230-ebf5ab3da486,cust-15,neha.nair15@gmail.com,Neha Nair,+912144229485,15,14,1,2147.99,153.43,0,0,LOYAL
c2d836c1-15a9-454b-afd8-b39aee380103,f6483f49-7190-4ed1-b230-ebf5ab3da486,cust-16,aditi.kulkarni16@gmail.com,Aditi Kulkarni,+919981424039,29,23,6,4385.54,190.68,4,2,LOYAL
ed3584b7-e237-4a78-a2c7-1f778e60a918,f6483f49-7190-4ed1-b230-ebf5ab3da486,cust-17,ishita.chopra17@outlook.com,Ishita Chopra,+914995712955,16,11,5,2080.0,189.09,1,0,AT_RISK
e931e013-9fdc-472c-8168-8e4617797695,f6483f49-7190-4ed1-b230-ebf5ab3da486,cust-18,jaya.nair18@gmail.com,Jaya Nair,+910495058008,26,19,7,3128.42,164.65,0,0,LOYAL
5f556bdf-a1bb-459a-81ce-faec345182f7,f6483f49-7190-4ed1-b230-ebf5ab3da486,cust-19,neha.kumar19@mail.com,Neha Kumar,+912564559272,23,20,3,3787.08,189.35,1,0,AT_RISK
0fc8c831-9c79-467c-b2ee-5b753a8d3f56,f6483f49-7190-4ed1-b230-ebf5ab3da486,cust-20,neha.gupta20@outlook.com,Neha Gupta,+914990650551,22,19,3,2776.75,146.14,2,1,LOYAL
2af22cce-9645-41e0-8953-ae32f62651c6,f6483f49-7190-4ed1-b230-ebf5ab3da486,cust-21,meera.singh21@yahoo.com,Meera Singh,+913187696082,20,15,5,1607.13,107.14,0,0,NEW
01370087-663d-46c4-b6d9-7a0a06d6a16f,f6483f49-7190-4ed1-b230-ebf5ab3da486,cust-22,deepa.kumar22@yahoo.com,Deepa Kumar,+912871223685,27,23,4,2476.19,107.66,2,0,NEW
cda6ab74-091a-4177-a11e-585c1d705a25,f6483f49-7190-4ed1-b230-ebf5ab3da486,cust-23,ishita.patel23@gmail.com,Ishita Patel,+916803191475,23,16,7,1485.62,92.85,4,2,LOYAL
8e87d7a3-9808-4a22-8d2c-f5c011285a68,f6483f49-7190-4ed1-b230-ebf5ab3da486,cust-24,ananya.singh24@yahoo.com,Ananya Singh,+915851138788,18,14,4,2460.53,175.75,2,1,LOYAL
27ecc334-021b-4199-a004-5f4d9997568c,f6483f49-7190-4ed1-b230-ebf5ab3da486,cust-25,diya.mehta25@gmail.com,Diya Mehta,+913589792171,18,17,1,2619.59,154.09,0,0,LOYAL
2360e9b5-1158-4e24-871a-fab9fa37cb3b,f6483f49-7190-4ed1-b230-ebf5ab3da486,cust-26,priya.sharma26@yahoo.com,Priya Sharma,+917398882718,7,4,3,456.94,114.23,1,0,NEW
bb025164-e86b-4462-b3ca-2864b51c2251,f6483f49-7190-4ed1-b230-ebf5ab3da486,cust-27,nisha.bhat27@yahoo.com,Nisha Bhat,+911938826320,20,19,1,3027.13,159.32,0,0,NEW
fa3538d4-8870-4d9c-80df-92e1cef44534,f6483f49-7190-4ed1-b230-ebf5ab3da486,cust-28,kunal.shah28@outlook.com,Kunal Shah,+916395919192,25,19,6,4527.18,238.27,3,1,AT_RISK
6e95d099-56d4-4e27-8616-2d36b250090b,f6483f49-7190-4ed1-b230-ebf5ab3da486,cust-29,ananya.mishra29@protonmail.com,Ananya Mishra,+913749181045,23,22,1,2767.34,125.79,0,0,NEW
c150f456-9568-42d8-8d42-f2f73baa5833,f6483f49-7190-4ed1-b230-ebf5ab3da486,cust-30,lakshmi.kulkarni30@yahoo.com,Lakshmi Kulkarni,+913063387334,10,7,3,70.0,10.0,0,0,LOYAL
73efe446-044b-4fca-bcd1-a4ea8716f760,f6483f49-7190-4ed1-b230-ebf5ab3da486,cust-31,neha.verma31@mail.com,Neha Verma,+911496963502,21,11,10,860.28,78.21,6,3,NEW
0c6ac6a6-2831-43b1-9b02-e231ae61cb81,f6483f49-7190-4ed1-b230-ebf5ab3da486,cust-32,priya.pillai32@mail.com,Priya Pillai,+916442497105,12,10,2,2293.01,229.3,0,0,AT_RISK
eac0f89e-b3bd-473e-8b71-a7be1e97d5c0,f6483f49-7190-4ed1-b230-ebf5ab3da486,cust-33,arun.mishra33@outlook.com,Arun Mishra,+910923810967,27,18,9,2139.57,118.87,2,1,NEW
0c5ae487-f300-4403-9143-87c21c8ccb27,f6483f49-7190-4ed1-b230-ebf5ab3da486,cust-34,rahul.iyer34@mail.com,Rahul Iyer,+911642607714,25,22,3,4194.15,190.64,0,0,LOYAL
44736b88-b725-4e5c-be6d-0efd23db2f24,f6483f49-7190-4ed1-b230-ebf5ab3da486,cust-35,dev.desai35@protonmail.com,Dev Desai,+910284869598,19,15,4,2098.36,139.89,1,0,LOYAL
89cbe859-8f6c-43ca-922c-eef0753b1e76,f6483f49-7190-4ed1-b230-ebf5ab3da486,cust-36,vikram.desai36@protonmail.com,Vikram Desai,+918587422675,20,17,3,2825.54,166.21,2,1,LOYAL
11b07e7b-3007-455e-b361-e638bc293c33,f6483f49-7190-4ed1-b230-ebf5ab3da486,cust-37,arun.mehta37@outlook.com,Arun Mehta,+914723801312,19,12,7,2275.0,189.58,4,1,LOYAL
bda82f49-9ead-436a-8890-6f1dc8bb26e5,f6483f49-7190-4ed1-b230-ebf5ab3da486,cust-38,priya.iyer38@outlook.com,Priya Iyer,+915424956873,11,9,2,1535.82,170.65,1,0,NEW
f2fda8ce-f214-42f6-90a0-9208d302f7d0,f6483f49-7190-4ed1-b230-ebf5ab3da486,cust-39,aarav.rao39@outlook.com,Aarav Rao,+917894756224,23,19,4,3070.45,161.6,3,1,LOYAL
80c247b2-81a8-4dd9-b9ca-c8c7ce5e68fd,f6483f49-7190-4ed1-b230-ebf5ab3da486,cust-40,aarav.das40@outlook.com,Aarav Das,+916778995956,18,11,7,1639.54,149.05,0,0,NEW
51118cfc-1b36-46a3-8f0c-5b6770a1cc9d,f6483f49-7190-4ed1-b230-ebf5ab3da486,cust-41,amit.iyer41@yahoo.com,Amit Iyer,+918123438294,14,9,5,2039.73,226.64,1,0,AT_RISK
00cce5ef-6fb9-46d4-8a55-fd49be7b53aa,f6483f49-7190-4ed1-b230-ebf5ab3da486,cust-42,manish.singh42@protonmail.com,Manish Singh,+910593676791,12,9,3,2318.93,257.66,1,0,NEW
e82a5870-046e-40d4-925c-4586af408def,f6483f49-7190-4ed1-b230-ebf5ab3da486,cust-43,aarav.mishra43@yahoo.com,Aarav Mishra,+912419423697,26,22,4,2640.67,120.03,1,0,NEW
8bc229df-0fa8-4598-8a9b-a474106dcbad,f6483f49-7190-4ed1-b230-ebf5ab3da486,cust-44,kunal.reddy44@outlook.com,Kunal Reddy,+911036937066,23,20,3,1679.77,83.99,2,1,NEW
b72348de-7b1f-48b3-affe-ad378c37d90b,f6483f49-7190-4ed1-b230-ebf5ab3da486,cust-45,ananya.verma45@mail.com,Ananya Verma,+918750560604,15,13,2,2754.58,211.89,0,0,AT_RISK
2fc6b76b-dd0e-4e89-aa30-e99051b10df9,f6483f49-7190-4ed1-b230-ebf5ab3da486,cust-46,ravi.kumar46@protonmail.com,Ravi Kumar,+919687479285,25,19,6,3526.03,185.58,3,1,NEW
005f6d4b-0909-4e52-b3ac-6bb9fd02954b,f6483f49-7190-4ed1-b230-ebf5ab3da486,cust-47,ravi.chopra47@protonmail.com,Ravi Chopra,+918532924756,22,12,10,1840.51,153.38,4,3,LOYAL
6fe15e12-7b78-4ebb-aa8e-941380be09f5,f6483f49-7190-4ed1-b230-ebf5ab3da486,cust-48,kavya.sharma48@protonmail.com,Kavya Sharma,+918127387209,14,9,5,1826.29,202.92,1,0,AT_RISK
87405cde-cec2-4c7e-a0ae-11e231d7218c,f6483f49-7190-4ed1-b230-ebf5ab3da486,cust-49,amit.mehta49@protonmail.com,Amit Mehta,+914766470263,18,7,11,566.96,80.99,8,2,AT_RISK
caa5d8b1-c565-448a-a836-4ba85e5306cc,f6483f49-7190-4ed1-b230-ebf5ab3da486,cust-50,sneha.rao50@protonmail.com,Sneha Rao,+915395343273,20,16,4,1356.42,84.78,0,0,NEW
0107c0e4-e053-4377-9d74-6b6aff19df8d,f6483f49-7190-4ed1-b230-ebf5ab3da486,cust-51,jaya.kulkarni51@yahoo.com,Jaya Kulkarni,+911725759823,15,13,2,1261.51,97.04,0,0,NEW
2c8c6a56-7e09-4c24-8816-253d1da4ef50,f6483f49-7190-4ed1-b230-ebf5ab3da486,cust-52,karan.sharma52@mail.com,Karan Sharma,+911002967102,15,13,2,1880.43,144.65,0,0,LOYAL
a7f57c11-3a31-419f-9d73-399f2d0bbaff,f6483f49-7190-4ed1-b230-ebf5ab3da486,cust-53,ravi.chopra53@outlook.com,Ravi Chopra,+911094840601,23,19,4,3053.28,160.7,2,0,LOYAL
14de2773-fc38-425f-b1d0-edb8cd16dced,f6483f49-7190-4ed1-b230-ebf5ab3da486,cust-54,sneha.verma54@gmail.com,Sneha Verma,+919176725448,24,20,4,1484.81,74.24,1,0,NEW
4dd0efd1-c8fb-452c-84ff-d9aa13e5362f,f6483f49-7190-4ed1-b230-ebf5ab3da486,cust-55,priya.verma55@mail.com,Priya Verma,+916679226110,16,8,8,1647.83,205.98,3,1,LOYAL
7b1f5625-dfc1-4c3f-87d0-9af9b48a6d3d,f6483f49-7190-4ed1-b230-ebf5ab3da486,cust-56,aarav.iyer56@protonmail.com,Aarav Iyer,+916402280227,17,15,2,3515.36,234.36,1,0,NEW
cc1fca80-71b6-4ed7-b2e9-03813a1af6a1,f6483f49-7190-4ed1-b230-ebf5ab3da486,cust-57,sneha.joshi57@protonmail.com,Sneha Joshi,+911212107589,20,18,2,2528.7,140.48,0,0,LOYAL
d160621d-d50d-46f8-bac4-7c36ccb44730,f6483f49-7190-4ed1-b230-ebf5ab3da486,cust-58,rahul.kumar58@protonmail.com,Rahul Kumar,+916695400432,21,17,4,2591.24,152.43,1,0,NEW
ac897b66-23f2-416d-8e75-94f924d46e8a,f6483f49-7190-4ed1-b230-ebf5ab3da486,cust-59,amit.mehta59@mail.com,Amit Mehta,+915078571542,19,16,3,3004.31,187.77,1,0,LOYAL
88ae60a9-b20c-40ff-b150-38bc57c536c4,f6483f49-7190-4ed1-b230-ebf5ab3da486,cust-60,sneha.iyer60@protonmail.com,Sneha Iyer,+919443114464,21,14,7,960.72,68.62,1,0,LOYAL
c53100e0-9bea-4f80-9ac9-1f12ceeb6bd1,f6483f49-7190-4ed1-b230-ebf5ab3da486,cust-61,kunal.kulkarni61@gmail.com,Kunal Kulkarni,+914339459654,21,18,3,2742.66,152.37,0,0,AT_RISK
0f3e1499-56bf-4718-b20b-96019d97895b,f6483f49-7190-4ed1-b230-ebf5ab3da486,cust-62,diya.desai62@outlook.com,Diya Desai,+916440212840,17,16,1,422.68,26.42,0,0,AT_RISK
9655bf81-fa04-4d77-ad15-52a7a430d273,f6483f49-7190-4ed1-b230-ebf5ab3da486,cust-63,arun.mishra63@yahoo.com,Arun Mishra,+917304281961,32,24,8,3413.19,142.22,5,1,LOYAL
c9dee879-180d-4522-beb3-a28fcdd61df2,f6483f49-7190-4ed1-b230-ebf5ab3da486,cust-64,suresh.verma64@mail.com,Suresh Verma,+917444411571,16,14,2,2709.79,193.56,0,0,LOYAL
692db591-0fbc-45fc-bc6e-4d6c11bbde0b,f6483f49-7190-4ed1-b230-ebf5ab3da486,cust-65,amit.shah65@protonmail.com,Amit Shah,+913720785684,18,14,4,3273.51,233.82,2,0,LOYAL
82175736-280a-4729-b5c0-abf8e3985cff,f6483f49-7190-4ed1-b230-ebf5ab3da486,cust-66,ravi.rao66@outlook.com,Ravi Rao,+915543165270,27,14,13,2542.95,181.64,9,6,NEW
326afdcd-689f-4f81-9f3f-af0061d68931,f6483f49-7190-4ed1-b230-ebf5ab3da486,cust-67,jaya.bhat67@protonmail.com,Jaya Bhat,+913689405588,17,15,2,1891.76,126.12,1,0,AT_RISK
999da96f-d683-4caf-add2-7136fc77d1e5,f6483f49-7190-4ed1-b230-ebf5ab3da486,cust-68,rahul.kumar68@mail.com,Rahul Kumar,+919018907263,14,10,4,1934.8,193.48,2,1,LOYAL
5d1bf30b-f399-4875-bce9-59f526dd760e,f6483f49-7190-4ed1-b230-ebf5ab3da486,cust-69,amit.nair69@mail.com,Amit Nair,+913377800699,18,17,1,3821.64,224.8,0,0,LOYAL
03b9ebc4-0c33-4c0d-99c9-c913eb9303aa,f6483f49-7190-4ed1-b230-ebf5ab3da486,cust-70,jaya.singh70@protonmail.com,Jaya Singh,+919771120303,20,14,6,1546.67,110.48,3,1,LOYAL
df0272b0-e324-4488-b77e-28a538226195,f6483f49-7190-4ed1-b230-ebf5ab3da486,cust-71,priya.gupta71@yahoo.com,Priya Gupta,+915571086291,28,23,5,4708.32,204.71,1,0,LOYAL
e68209b2-491d-4bd4-935e-b98d6bce0ba9,f6483f49-7190-4ed1-b230-ebf5ab3da486,cust-72,rahul.shah72@protonmail.com,Rahul Shah,+912089614356,24,22,2,1881.04,85.5,1,0,LOYAL
d4c20f7c-ecdb-4d09-b39d-c4be201a9882,f6483f49-7190-4ed1-b230-ebf5ab3da486,cust-73,priya.shah73@protonmail.com,Priya Shah,+918134255929,19,14,5,3394.27,242.45,0,0,NEW
3a74e7a8-e5f7-4193-8ef9-34a091017fa6,f6483f49-7190-4ed1-b230-ebf5ab3da486,cust-74,deepa.das74@outlook.com,Deepa Das,+910879978972,31,18,13,2753.3,152.96,8,2,AT_RISK
29fc525a-d022-4eac-a762-50c58f6841af,f6483f49-7190-4ed1-b230-ebf5ab3da486,cust-75,lakshmi.rao75@yahoo.com,Lakshmi Rao,+916667686963,16,14,2,1921.52,137.25,0,0,LOYAL
94793ecb-b145-4d93-8198-b5819b049cbc,f6483f49-7190-4ed1-b230-ebf5ab3da486,cust-76,rahul.patel76@mail.com,Rahul Patel,+913193427835,21,20,1,2222.18,111.11,0,0,NEW
72285c8d-b9a5-41fe-a809-1eed95597d61,f6483f49-7190-4ed1-b230-ebf5ab3da486,cust-77,ishita.reddy77@outlook.com,Ishita Reddy,+919992884072,23,21,2,2599.25,123.77,1,0,NEW
20327acb-d5e0-41cf-9b83-05efc96b3fd6,f6483f49-7190-4ed1-b230-ebf5ab3da486,cust-78,deepa.das78@mail.com,Deepa Das,+913705466589,16,14,2,2911.53,207.97,0,0,AT_RISK
f3891cdd-ce43-4d84-abfb-cd606ec13946,f6483f49-7190-4ed1-b230-ebf5ab3da486,cust-79,ananya.mehta79@protonmail.com,Ananya Mehta,+910859208934,16,15,1,1857.96,123.86,0,0,LOYAL
3fda19b1-dca7-4cfb-975c-6fa8c3b05cc0,f6483f49-7190-4ed1-b230-ebf5ab3da486,cust-80,arjun.patel80@gmail.com,Arjun Patel,+913408146794,17,16,1,3757.17,234.82,0,0,NEW
8066646d-e5f8-4da3-92aa-247c28812e9e,f6483f49-7190-4ed1-b230-ebf5ab3da486,cust-81,jaya.gupta81@protonmail.com,Jaya Gupta,+916869262423,26,21,5,3473.19,165.39,2,0,NEW
6a9c46ab-c012-4815-9f66-7ab63338c647,f6483f49-7190-4ed1-b230-ebf5ab3da486,cust-82,deepa.rao82@mail.com,Deepa Rao,+919602998026,20,13,7,1314.06,101.08,3,1,AT_RISK
d20d2f08-4b63-4f9a-b14a-81b1b24bf322,f6483f49-7190-4ed1-b230-ebf5ab3da486,cust-83,aarav.patel83@outlook.com,Aarav Patel,+912150722831,16,11,5,637.52,57.96,2,0,NEW
ea9d0562-d279-4348-970f-543793257621,f6483f49-7190-4ed1-b230-ebf5ab3da486,cust-84,pooja.mishra84@gmail.com,Pooja Mishra,+912995718137,23,18,5,1434.01,79.67,1,0,LOYAL
5aa620b0-b545-4740-af13-8b199a125737,f6483f49-7190-4ed1-b230-ebf5ab3da486,cust-85,sneha.nair85@gmail.com,Sneha Nair,+911075747515,21,17,4,2060.71,121.22,1,0,LOYAL
757520e4-4962-4f2d-a873-4ac2c3317cb4,f6483f49-7190-4ed1-b230-ebf5ab3da486,cust-86,vikram.patel86@mail.com,Vikram Patel,+913609841748,24,19,5,4532.26,238.54,2,0,AT_RISK
7bfe08c1-4597-493d-8096-6066137f14e8,f6483f49-7190-4ed1-b230-ebf5ab3da486,cust-87,kavya.mishra87@yahoo.com,Kavya Mishra,+910265395460,24,23,1,3364.4,146.28,0,0,AT_RISK
da51501f-271e-41af-a3d4-5dee026fca5f,f6483f49-7190-4ed1-b230-ebf5ab3da486,cust-88,harsh.kumar88@mail.com,Harsh Kumar,+917242344046,23,17,6,2940.3,172.96,2,0,AT_RISK
82c99fa2-c29b-43e4-ba2d-3acbbbb0d58c,f6483f49-7190-4ed1-b230-ebf5ab3da486,cust-89,meera.gupta89@protonmail.com,Meera Gupta,+910800785553,29,23,6,2206.78,95.95,4,3,AT_RISK
9f126a50-8031-475e-a3a5-f6c1d777cc18,f6483f49-7190-4ed1-b230-ebf5ab3da486,cust-90,ananya.iyer90@outlook.com,Ananya Iyer,+918949023151,20,15,5,1862.97,124.2,2,0,NEW
1f98834e-044d-4b9a-8077-2232d8fd5839,f6483f49-7190-4ed1-b230-ebf5ab3da486,cust-91,ravi.mehta91@gmail.com,Ravi Mehta,+913512245766,12,11,1,2445.84,222.35,0,0,AT_RISK
546ce350-ee56-4229-8434-a75dbf51d05d,f6483f49-7190-4ed1-b230-ebf5ab3da486,cust-92,sakshi.sharma92@mail.com,Sakshi Sharma,+919821733085,21,17,4,3455.66,203.27,2,1,LOYAL
2873647e-8fe3-48c8-99bd-e9c2f809d532,f6483f49-7190-4ed1-b230-ebf5ab3da486,cust-93,neha.singh93@yahoo.com,Neha Singh,+917905341339,24,22,2,2809.95,127.72,0,0,LOYAL
4b9c17aa-905c-49f3-b099-f89623d5b2c3,f6483f49-7190-4ed1-b230-ebf5ab3da486,cust-94,vikram.singh94@gmail.com,Vikram Singh,+911700446425,13,12,1,1339.32,111.61,0,0,LOYAL
7445c8fa-dd0d-43b4-ba69-464532a6afe4,f6483f49-7190-4ed1-b230-ebf5ab3da486,cust-95,meera.iyer95@gmail.com,Meera Iyer,+912646035032,18,15,3,1407.96,93.86,2,0,AT_RISK
1e0da360-2865-4988-be88-07d2367e3b04,f6483f49-7190-4ed1-b230-ebf5ab3da486,cust-96,arjun.shah96@outlook.com,Arjun Shah,+913071375880,22,19,3,2345.55,123.45,0,0,LOYAL
d395703b-c676-4669-a15a-0032c06b3118,f6483f49-7190-4ed1-b230-ebf5ab3da486,cust-97,nisha.patel97@protonmail.com,Nisha Patel,+910985574103,19,13,6,2081.9,160.15,3,1,NEW
8fcf1c5c-a25a-43c8-8c13-175e86a842de,f6483f49-7190-4ed1-b230-ebf5ab3da486,cust-98,lakshmi.mishra98@protonmail.com,Lakshmi Mishra,+918908255333,26,17,9,2834.29,166.72,4,1,LOYAL
2409c708-9fc5-4e08-91ad-01bf6bc9917c,f6483f49-7190-4ed1-b230-ebf5ab3da486,cust-99,kavya.reddy99@gmail.com,Kavya Reddy,+915159378821,18,10,8,1241.19,124.12,5,2,LOYAL
e9d9f203-d1dc-40a7-b2d8-b055019fff4d,f6483f49-7190-4ed1-b230-ebf5ab3da486,cust-100,diya.reddy100@mail.com,Diya Reddy,+911709645568,21,15,6,3635.03,242.34,4,3,LOYAL
8dee6082-f2fd-4f74-9e22-1db11c71bb2f,f6483f49-7190-4ed1-b230-ebf5ab3da486,cust-101,arun.mishra101@outlook.com,Arun Mishra,+918610432053,23,18,5,2549.59,141.64,1,0,NEW
0d4ecd64-082e-4265-9726-95bd1ce1e706,f6483f49-7190-4ed1-b230-ebf5ab3da486,cust-102,rahul.patel102@gmail.com,Rahul Patel,+913269053597,20,16,4,2437.15,152.32,1,0,LOYAL
3b85d3cf-ecd1-468a-9d78-da31e674f592,f6483f49-7190-4ed1-b230-ebf5ab3da486,cust-103,aditi.chopra103@mail.com,Aditi Chopra,+916341018375,24,15,9,2705.92,180.39,1,0,LOYAL
7494e380-3fd9-4a74-818e-2b4526f4b16f,f6483f49-7190-4ed1-b230-ebf5ab3da486,cust-104,dev.patel104@yahoo.com,Dev Patel,+917956393760,12,9,3,1034.95,114.99,1,0,AT_RISK
f15d6e72-9b51-43da-94f1-6c222d1a6d41,f6483f49-7190-4ed1-b230-ebf5ab3da486,cust-105,arun.nair105@gmail.com,Arun Nair,+913532896106,23,20,3,1551.99,77.6,0,0,LOYAL
c41b3f54-16a5-4b45-8a1f-5011eed14255,f6483f49-7190-4ed1-b230-ebf5ab3da486,cust-106,suresh.rao106@outlook.com,Suresh Rao,+919635933786,16,13,3,2517.1,193.62,0,0,AT_RISK
fd6d14e2-dbd7-4456-89ef-7d3cb9872829,f6483f49-7190-4ed1-b230-ebf5ab3da486,cust-107,manish.desai107@gmail.com,Manish Desai,+916433129421,19,15,4,2069.07,137.94,0,0,LOYAL
9428c866-4870-4cb8-ada4-5afb0a3e28a7,f6483f49-7190-4ed1-b230-ebf5ab3da486,cust-108,amit.verma108@gmail.com,Amit Verma,+915575686511,18,14,4,2419.73,172.84,2,1,LOYAL
e4f43e09-37cd-4375-9b5c-66f57d4f41db,f6483f49-7190-4ed1-b230-ebf5ab3da486,cust-109,harsh.mishra109@yahoo.com,Harsh Mishra,+917037967722,14,10,4,1161.8,116.18,0,0,NEW
d22ccca0-9439-46df-9fbb-f40a2aa81aa6,f6483f49-7190-4ed1-b230-ebf5ab3da486,cust-110,lakshmi.bhat110@yahoo.com,Lakshmi Bhat,+913994235988,21,19,2,1054.94,55.52,0,0,LOYAL
cc6c8a80-2ba2-4179-ba76-c052f8dc9846,f6483f49-7190-4ed1-b230-ebf5ab3da486,cust-111,arjun.shah111@gmail.com,Arjun Shah,+916851882729,21,17,4,1728.07,101.65,1,0,NEW
40c7c8f4-4c19-4290-9c26-b5d42934624a,f6483f49-7190-4ed1-b230-ebf5ab3da486,cust-112,arjun.iyer112@gmail.com,Arjun Iyer,+919243005293,20,16,4,2421.51,151.34,1,0,LOYAL
ac046e59-00a6-400e-8177-e844d3f681bc,f6483f49-7190-4ed1-b230-ebf5ab3da486,cust-113,aarav.nair113@gmail.com,Aarav Nair,+918671286174,7,5,2,607.21,121.44,0,0,LOYAL
4c89fdce-07ee-41d0-a6c2-df29340005aa,f6483f49-7190-4ed1-b230-ebf5ab3da486,cust-114,aarav.singh114@gmail.com,Aarav Singh,+912857512304,23,19,4,2235.41,117.65,2,1,AT_RISK
cdce7487-eeb2-4265-a4f6-7a527bfcf4f3,f6483f49-7190-4ed1-b230-ebf5ab3da486,cust-115,lakshmi.mishra115@protonmail.com,Lakshmi Mishra,+910845657203,18,15,3,3551.97,236.8,0,0,LOYAL
eb19c6f9-ffda-49d7-904b-b3284c452b36,f6483f49-7190-4ed1-b230-ebf5ab3da486,cust-116,sneha.iyer116@yahoo.com,Sneha Iyer,+916090559534,15,11,4,1334.46,121.31,1,0,LOYAL
f8274add-4699-42c3-afc1-004d45848f11,f6483f49-7190-4ed1-b230-ebf5ab3da486,cust-117,arun.das117@outlook.com,Arun Das,+912073767730,16,15,1,1887.61,125.84,0,0,AT_RISK
31863b91-5819-4009-9a30-e2431abfdf49,f6483f49-7190-4ed1-b230-ebf5ab3da486,cust-118,sakshi.nair118@yahoo.com,Sakshi Nair,+918694117902,21,16,5,2369.19,148.07,1,0,LOYAL
57cb50fe-b38a-4739-9204-1268e9b213ac,f6483f49-7190-4ed1-b230-ebf5ab3da486,cust-119,lakshmi.joshi119@gmail.com,Lakshmi Joshi,+913338406280,27,20,7,3494.03,174.7,1,0,AT_RISK
e502d82b-7a34-4a41-a166-63f3f79a4614,f6483f49-7190-4ed1-b230-ebf5ab3da486,cust-120,arun.nair120@outlook.com,Arun Nair,+911387839449,20,14,6,140.0,10.0,3,0,LOYAL
d0ef23ff-e6c5-4c6e-a67a-43da22875222,f6483f49-7190-4ed1-b230-ebf5ab3da486,cust-121,rohan.shah121@gmail.com,Rohan Shah,+917068530636,33,18,15,2657.77,147.65,3,0,NEW
c2215410-8067-4aab-925b-2fc4325cc698,f6483f49-7190-4ed1-b230-ebf5ab3da486,cust-122,priya.reddy122@protonmail.com,Priya Reddy,+913083929906,20,19,1,2443.29,128.59,0,0,NEW
847303ea-14c7-49c2-822a-c8a477b9e56a,f6483f49-7190-4ed1-b230-ebf5ab3da486,cust-123,meera.desai123@yahoo.com,Meera Desai,+919167007335,22,17,5,2329.81,137.05,1,0,LOYAL
93746a7d-b95c-4af1-814b-210843bc64ca,f6483f49-7190-4ed1-b230-ebf5ab3da486,cust-124,vikram.gupta124@protonmail.com,Vikram Gupta,+919375536217,29,20,9,2919.28,145.96,4,0,NEW
a76c4525-0cab-49b2-aec0-c12507be43b0,f6483f49-7190-4ed1-b230-ebf5ab3da486,cust-125,ravi.desai125@protonmail.com,Ravi Desai,+919177266921,19,17,2,3491.96,205.41,0,0,AT_RISK
1921c2a7-8b1d-4a99-bd69-f68409495280,f6483f49-7190-4ed1-b230-ebf5ab3da486,cust-126,amit.chopra126@yahoo.com,Amit Chopra,+918406833058,13,10,3,1608.72,160.87,2,1,LOYAL
4c7eed14-cfaa-4799-8458-7dd37c7daa2c,f6483f49-7190-4ed1-b230-ebf5ab3da486,cust-127,nisha.reddy127@yahoo.com,Nisha Reddy,+917512170538,20,14,6,2873.87,205.28,1,0,LOYAL
0972c3e9-0b56-482e-a586-964ad7a63711,f6483f49-7190-4ed1-b230-ebf5ab3da486,cust-128,sakshi.gupta128@mail.com,Sakshi Gupta,+918037444513,22,19,3,3162.32,166.44,1,0,LOYAL
addedd05-25df-4289-ba33-29e2f7b74843,f6483f49-7190-4ed1-b230-ebf5ab3da486,cust-129,amit.chopra129@protonmail.com,Amit Chopra,+916387619490,26,24,2,3242.92,135.12,1,0,LOYAL
31134e1c-831f-4267-8989-a0105138e0ad,f6483f49-7190-4ed1-b230-ebf5ab3da486,cust-130,ananya.desai130@yahoo.com,Ananya Desai,+913192952019,18,17,1,719.62,42.33,0,0,NEW
02f57d03-b532-4df2-b3c3-2e3d31209b0c,f6483f49-7190-4ed1-b230-ebf5ab3da486,cust-131,ishita.gupta131@outlook.com,Ishita Gupta,+916065516939,21,9,12,225.27,25.03,1,0,LOYAL
dad57b2d-1ba4-4833-9e73-4528ecaa8095,f6483f49-7190-4ed1-b230-ebf5ab3da486,cust-132,aditi.sharma132@gmail.com,Aditi Sharma,+910656746462,19,15,4,2672.93,178.2,2,1,NEW
310fce00-a306-401d-99a3-9ad0bc1b724f,f6483f49-7190-4ed1-b230-ebf5ab3da486,cust-133,karan.bhat133@yahoo.com,Karan Bhat,+918620044263,15,12,3,1347.62,112.3,1,0,LOYAL
4b959dc9-3414-4289-b1e3-0f1ff316fcf5,f6483f49-7190-4ed1-b230-ebf5ab3da486,cust-134,harsh.nair134@outlook.com,Harsh Nair,+919135342202,17,11,6,786.22,71.47,1,0,NEW
fbb0ff80-e143-4e96-ba0b-1756bc507729,f6483f49-7190-4ed1-b230-ebf5ab3da486,cust-135,neha.mishra135@protonmail.com,Neha Mishra,+912813537454,15,14,1,984.9,70.35,0,0,AT_RISK
0c85f2f5-33a8-4855-bbc6-b7a6278e99b6,f6483f49-7190-4ed1-b230-ebf5ab3da486,cust-136,karan.bhat136@gmail.com,Karan Bhat,+910342502586,21,17,4,3011.8,177.16,2,0,LOYAL
98e47758-c1b0-4cc4-86d9-35d78b1109e6,f6483f49-7190-4ed1-b230-ebf5ab3da486,cust-137,karan.kulkarni137@gmail.com,Karan Kulkarni,+918487734515,21,17,4,2299.29,135.25,2,0,LOYAL
e96589d0-594c-4f5c-a684-53d0b2f268df,f6483f49-7190-4ed1-b230-ebf5ab3da486,cust-138,amit.das138@mail.com,Amit Das,+914586610395,19,15,4,2560.35,170.69,0,0,LOYAL
ceac75f9-d1fb-4859-9f84-0cd7965a8a4e,f6483f49-7190-4ed1-b230-ebf5ab3da486,cust-139,meera.gupta139@yahoo.com,Meera Gupta,+916400785181,21,19,2,2086.51,109.82,0,0,LOYAL
166157fd-940d-492f-95be-8e3dee704839,f6483f49-7190-4ed1-b230-ebf5ab3da486,cust-140,suresh.mishra140@outlook.com,Suresh Mishra,+911972385728,13,11,2,1538.03,139.82,1,0,LOYAL
743356f9-22ad-4bc1-b134-8421b2ffef49,f6483f49-7190-4ed1-b230-ebf5ab3da486,cust-141,meera.nair141@gmail.com,Meera Nair,+919577604977,16,14,2,2263.65,161.69,1,0,LOYAL
de3f3865-3f89-470c-9f70-c11e43eecbcb,f6483f49-7190-4ed1-b230-ebf5ab3da486,cust-142,sneha.mehta142@gmail.com,Sneha Mehta,+915166816091,18,8,10,1367.61,170.95,1,0,AT_RISK
48638b7d-a69f-4808-8713-b2e204f53744,f6483f49-7190-4ed1-b230-ebf5ab3da486,cust-143,aarav.chopra143@outlook.com,Aarav Chopra,+914425648775,15,14,1,1585.13,113.22,0,0,AT_RISK
a303a7c2-4661-4cc6-b52a-9b7cd149e076,f6483f49-7190-4ed1-b230-ebf5ab3da486,cust-144,sakshi.nair144@protonmail.com,Sakshi Nair,+915319337766,16,12,4,1885.03,157.09,2,0,LOYAL
c2a727a4-7fb7-4adc-a346-f5a2e9950a4f,f6483f49-7190-4ed1-b230-ebf5ab3da486,cust-145,vikram.bhat145@yahoo.com,Vikram Bhat,+919229977644,14,10,4,1107.01,110.7,0,0,LOYAL
6389c708-a81e-4fe3-ad2f-b38ee4583da6,f6483f49-7190-4ed1-b230-ebf5ab3da486,cust-146,sakshi.shah146@outlook.com,Sakshi Shah,+911639898227,17,11,6,3021.15,274.65,2,1,AT_RISK
4d2bb24a-0e3f-4880-8dee-963d79f583d6,f6483f49-7190-4ed1-b230-ebf5ab3da486,cust-147,meera.chopra147@outlook.com,Meera Chopra,+917282521720,14,12,2,1399.15,116.6,0,0,NEW
96fd4a60-6101-4033-998c-05abe4e0ba7e,f6483f49-7190-4ed1-b230-ebf5ab3da486,cust-148,pooja.desai148@yahoo.com,Pooja Desai,+916047170594,23,17,6,2953.49,173.73,4,3,LOYAL
3a6051b2-06df-45b2-9862-21d2468a986b,f6483f49-7190-4ed1-b230-ebf5ab3da486,cust-149,suresh.bhat149@protonmail.com,Suresh Bhat,+916722076278,21,19,2,2270.96,119.52,0,0,AT_RISK
f309a1e0-7abc-4302-8de4-1d2b7d5ebbe2,f6483f49-7190-4ed1-b230-ebf5ab3da486,cust-150,aditi.reddy150@protonmail.com,Aditi Reddy,+918199349998,19,17,2,2427.53,142.8,0,0,LOYAL
21e61f64-56cd-457a-b8ab-13248519111b,f6483f49-7190-4ed1-b230-ebf5ab3da486,cust-151,aarav.verma151@mail.com,Aarav Verma,+916934658152,15,11,4,1464.6,133.15,1,0,NEW
42b74dad-302f-4980-9349-06a84a130c24,f6483f49-7190-4ed1-b230-ebf5ab3da486,cust-152,lakshmi.kumar152@outlook.com,Lakshmi Kumar,+911421775718,17,13,4,2234.01,171.85,1,0,LOYAL
ba0cef65-578e-4b07-867e-4320667f9327,f6483f49-7190-4ed1-b230-ebf5ab3da486,cust-153,pooja.das153@protonmail.com,Pooja Das,+915061132227,19,18,1,2497.71,138.76,0,0,LOYAL
b98d6bcc-3891-4ccb-9fc6-3efe4bb1cc8a,f6483f49-7190-4ed1-b230-ebf5ab3da486,cust-154,kavya.verma154@mail.com,Kavya Verma,+917066013458,24,23,1,2821.82,122.69,0,0,NEW
d096f754-da5c-41d4-a6e2-6c01e3eb707c,f6483f49-7190-4ed1-b230-ebf5ab3da486,cust-155,harsh.verma155@gmail.com,Harsh Verma,+916932944937,20,14,6,1989.03,142.07,2,0,LOYAL
a0bd1a9d-7d55-40c0-b153-016df8316bb0,f6483f49-7190-4ed1-b230-ebf5ab3da486,cust-156,suresh.bhat156@mail.com,Suresh Bhat,+918876575539,23,21,2,2447.47,116.55,1,0,LOYAL
c2e70bb7-83bb-41cc-9564-5bae0bc5588d,f6483f49-7190-4ed1-b230-ebf5ab3da486,cust-157,ananya.patel157@mail.com,Ananya Patel,+919251846748,25,15,10,1795.71,119.71,7,4,LOYAL
74e4d5ed-e205-4535-bae7-2d0a30a79750,f6483f49-7190-4ed1-b230-ebf5ab3da486,cust-158,rahul.patel158@protonmail.com,Rahul Patel,+911455630202,11,9,2,1185.61,131.73,0,0,AT_RISK
aa1dc7d0-1e7c-4c7f-900f-cd3a2efd103d,f6483f49-7190-4ed1-b230-ebf5ab3da486,cust-159,amit.patel159@protonmail.com,Amit Patel,+913099090477,23,15,8,1757.33,117.16,1,0,NEW
a667a5bb-a497-4b1a-aeb5-dd8c3526350c,f6483f49-7190-4ed1-b230-ebf5ab3da486,cust-160,jaya.iyer160@outlook.com,Jaya Iyer,+919389366563,22,20,2,2677.32,133.87,1,0,LOYAL
cb8e5aeb-167f-42f4-880c-920bdad9485d,f6483f49-7190-4ed1-b230-ebf5ab3da486,cust-161,dev.kulkarni161@protonmail.com,Dev Kulkarni,+915720026558,20,17,3,3338.66,196.39,1,0,LOYAL
120bec37-7cf6-4034-9c01-f69be6e1305b,f6483f49-7190-4ed1-b230-ebf5ab3da486,cust-162,gaurav.chopra162@outlook.com,Gaurav Chopra,+911187066982,25,22,3,2150.71,97.76,1,0,AT_RISK
6dae7aa3-9cff-44dc-a0c6-0e0ee5ad1944,f6483f49-7190-4ed1-b230-ebf5ab3da486,cust-163,amit.kumar163@mail.com,Amit Kumar,+910570742280,16,9,7,1717.08,190.79,4,3,AT_RISK
291df7f8-4313-4ba5-adba-a8979372e3c2,f6483f49-7190-4ed1-b230-ebf5ab3da486,cust-164,rohan.verma164@yahoo.com,Rohan Verma,+918735633162,28,16,12,2930.31,183.14,2,1,AT_RISK
9cd96924-88c3-45d1-87f0-177a7143a58d,f6483f49-7190-4ed1-b230-ebf5ab3da486,cust-165,karan.shah165@gmail.com,Karan Shah,+915571650363,29,24,5,2818.37,117.43,1,0,AT_RISK
2387daa8-3334-4eb0-a25a-ef87f11c84ed,f6483f49-7190-4ed1-b230-ebf5ab3da486,cust-166,rohan.nair166@protonmail.com,Rohan Nair,+914215228140,23,11,12,2064.34,187.67,6,4,NEW
2f819124-1212-49d5-bca0-fb56e7489225,f6483f49-7190-4ed1-b230-ebf5ab3da486,cust-167,priya.iyer167@mail.com,Priya Iyer,+915323043580,19,16,3,1719.58,107.47,0,0,LOYAL
7b537092-d6b4-4881-a63d-87aca9e0e6ff,f6483f49-7190-4ed1-b230-ebf5ab3da486,cust-168,neha.mishra168@mail.com,Neha Mishra,+910085622939,21,19,2,2104.35,110.76,1,0,LOYAL
250ec41a-bd63-4b19-9635-3dbf68e31832,f6483f49-7190-4ed1-b230-ebf5ab3da486,cust-169,diya.joshi169@gmail.com,Diya Joshi,+917796732324,14,9,5,1170.16,130.02,2,0,LOYAL
3895a258-0642-4975-a641-4be21efaa3cb,f6483f49-7190-4ed1-b230-ebf5ab3da486,cust-170,arun.rao170@outlook.com,Arun Rao,+912540948934,23,11,12,1346.48,122.41,6,1,LOYAL
2cee0c79-9979-4b1e-b97c-4a83e7948e1b,f6483f49-7190-4ed1-b230-ebf5ab3da486,cust-171,sneha.mehta171@yahoo.com,Sneha Mehta,+910557212525,21,17,4,3053.65,179.63,2,1,NEW
abf8f412-8d8d-4e22-a870-79e2347d99b6,f6483f49-7190-4ed1-b230-ebf5ab3da486,cust-172,deepa.nair172@outlook.com,Deepa Nair,+917477473151,11,8,3,743.32,92.92,0,0,NEW
cff1aafe-729f-41cc-8b83-5954e5a54b37,f6483f49-7190-4ed1-b230-ebf5ab3da486,cust-173,pooja.kulkarni173@gmail.com,Pooja Kulkarni,+915808001601,16,14,2,3397.86,242.7,1,0,LOYAL
8ac22fbe-f4e3-471a-a515-5c5ae3b720bf,f6483f49-7190-4ed1-b230-ebf5ab3da486,cust-174,diya.desai174@protonmail.com,Diya Desai,+913666440505,25,18,7,2826.8,157.04,2,1,LOYAL
6667decb-1340-4dc4-b87f-2c86c31bd880,f6483f49-7190-4ed1-b230-ebf5ab3da486,cust-175,ishita.kulkarni175@outlook.com,Ishita Kulkarni,+910868910115,19,11,8,1357.01,123.36,3,0,NEW
f5ade915-ba7e-474d-a17f-b4d4f9a302e4,f6483f49-7190-4ed1-b230-ebf5ab3da486,cust-176,manish.rao176@outlook.com,Manish Rao,+917094262809,23,21,2,2101.7,100.08,1,0,AT_RISK
cf5d80bd-541e-477f-a1da-acc01b392720,f6483f49-7190-4ed1-b230-ebf5ab3da486,cust-177,arun.patel177@gmail.com,Arun Patel,+914346708639,12,11,1,1195.22,108.66,0,0,LOYAL
8bc03014-a6bc-4e16-9818-fc8d6e0def92,f6483f49-7190-4ed1-b230-ebf5ab3da486,cust-178,ananya.desai178@gmail.com,Ananya Desai,+912965296256,19,17,2,489.4,28.79,0,0,NEW
0582b555-4aad-4ea3-9430-fed1983daaf8,f6483f49-7190-4ed1-b230-ebf5ab3da486,cust-179,dev.nair179@gmail.com,Dev Nair,+919577301283,10,7,3,611.0,87.29,1,0,AT_RISK
4009cd13-3de3-4cd4-84a8-545ae568bf91,f6483f49-7190-4ed1-b230-ebf5ab3da486,cust-180,pooja.kulkarni180@outlook.com,Pooja Kulkarni,+913776073020,21,18,3,1785.76,99.21,2,1,NEW
d8b1b242-91bf-4d00-8420-05ed341fc399,f6483f49-7190-4ed1-b230-ebf5ab3da486,cust-181,vikram.mishra181@mail.com,Vikram Mishra,+913702943946,23,21,2,210.0,10.0,1,0,LOYAL
1934f0b4-1802-4b32-8a11-1ed587762e53,f6483f49-7190-4ed1-b230-ebf5ab3da486,cust-182,deepa.das182@gmail.com,Deepa Das,+917220237133,19,11,8,1549.41,140.86,1,0,LOYAL
e6c0e973-7528-478b-8026-ff23f5642af6,f6483f49-7190-4ed1-b230-ebf5ab3da486,cust-183,amit.sharma183@outlook.com,Amit Sharma,+914710455105,17,14,3,3237.27,231.23,2,1,AT_RISK
640fef32-c416-4c3a-b26b-b797a344b87e,f6483f49-7190-4ed1-b230-ebf5ab3da486,cust-184,vikram.mishra184@outlook.com,Vikram Mishra,+918047759256,16,13,3,2144.19,164.94,2,0,LOYAL
fc67e1e4-02b4-431c-815d-5464e87a57a6,f6483f49-7190-4ed1-b230-ebf5ab3da486,cust-185,dev.gupta185@outlook.com,Dev Gupta,+913404440226,32,20,12,2331.86,116.59,6,4,LOYAL
a1b47180-298c-4796-abb5-629c11a8f0af,f6483f49-7190-4ed1-b230-ebf5ab3da486,cust-186,vikram.mishra186@yahoo.com,Vikram Mishra,+914103838448,27,24,3,3198.27,133.26,0,0,LOYAL
6e17b88e-fdcb-4de1-8bfd-51cc1a4adbfa,f6483f49-7190-4ed1-b230-ebf5ab3da486,cust-187,arun.mishra187@yahoo.com,Arun Mishra,+913664133769,15,11,4,2426.72,220.61,1,0,LOYAL
4bf0b08b-d7c3-4898-9806-ffa2a1f5320b,f6483f49-7190-4ed1-b230-ebf5ab3da486,cust-188,lakshmi.mehta188@outlook.com,Lakshmi Mehta,+913831555659,22,15,7,3140.54,209.37,4,3,NEW
69ca45df-eaf9-4828-a142-bc193e798e54,f6483f49-7190-4ed1-b230-ebf5ab3da486,cust-189,rahul.joshi189@protonmail.com,Rahul Joshi,+917808761321,23,20,3,4317.6,215.88,0,0,AT_RISK
2486c94b-2f20-4b29-bf1f-3e31d98e5628,f6483f49-7190-4ed1-b230-ebf5ab3da486,cust-190,priya.das190@gmail.com,Priya Das,+914555984097,19,16,3,3072.5,192.03,0,0,NEW
6410211c-bfcb-478f-b7ae-c0fe21b42aa6,f6483f49-7190-4ed1-b230-ebf5ab3da486,cust-191,lakshmi.kulkarni191@mail.com,Lakshmi Kulkarni,+916076360963,18,12,6,2712.79,226.07,4,2,AT_RISK
003d1033-33bc-4c55-9304-f3ee535997cc,f6483f49-7190-4ed1-b230-ebf5ab3da486,cust-192,kunal.nair192@protonmail.com,Kunal Nair,+911027562346,22,12,10,1969.97,164.16,2,1,LOYAL
7c25fc6f-2d26-4072-ac1b-408717e591a4,f6483f49-7190-4ed1-b230-ebf5ab3da486,cust-193,harsh.desai193@yahoo.com,Harsh Desai,+913014919134,22,20,2,2322.26,116.11,0,0,AT_RISK
74afdb54-8780-4396-8ff9-b064fd8e7f25,f6483f49-7190-4ed1-b230-ebf5ab3da486,cust-194,diya.desai194@protonmail.com,Diya Desai,+913074007031,24,20,4,2867.37,143.37,1,0,LOYAL
6d4024f8-9250-453e-926c-c0143ea9f77a,f6483f49-7190-4ed1-b230-ebf5ab3da486,cust-195,lakshmi.reddy195@yahoo.com,Lakshmi Reddy,+915534476163,13,9,4,1435.72,159.52,2,0,AT_RISK
76a1dc3f-7a83-4e00-a09d-f52681125c80,f6483f49-7190-4ed1-b230-ebf5ab3da486,cust-196,jaya.mishra196@yahoo.com,Jaya Mishra,+914402277575,23,15,8,2525.47,168.36,1,0,NEW
638dd66f-90f9-4e46-a912-b206c2c39585,f6483f49-7190-4ed1-b230-ebf5ab3da486,cust-197,meera.nair197@yahoo.com,Meera Nair,+914285656538,20,19,1,1835.59,96.61,0,0,AT_RISK
fba39d58-50a6-4f77-b7cb-7c7fa36fa11a,f6483f49-7190-4ed1-b230-ebf5ab3da486,cust-198,vikram.reddy198@outlook.com,Vikram Reddy,+919563213135,22,18,4,2763.05,153.5,0,0,LOYAL
f49b643b-bb2f-43e1-99fc-960b0f76e1b1,f6483f49-7190-4ed1-b230-ebf5ab3da486,cust-199,sneha.das199@protonmail.com,Sneha Das,+911666954134,14,10,4,1750.55,175.05,2,1,LOYAL
1395aab1-96ca-4a01-a850-9a0bf817547e,f6483f49-7190-4ed1-b230-ebf5ab3da486,cust-200,aditi.rao200@gmail.com,Aditi Rao,+914135644741,17,11,6,2536.75,230.61,3,2,LOYAL
0971dbea-0fd5-40b3-be73-d6c45165d4c4,f6483f49-7190-4ed1-b230-ebf5ab3da486,cust-201,sneha.sharma201@yahoo.com,Sneha Sharma,+912251477511,20,17,3,2587.06,152.18,1,0,LOYAL
c32f1421-47be-4902-a97e-43510c8c8747,f6483f49-7190-4ed1-b230-ebf5ab3da486,cust-202,kunal.kulkarni202@outlook.com,Kunal Kulkarni,+915774247628,18,16,2,1846.06,115.38,0,0,NEW
e049e917-a408-4706-8afa-9023348755d2,f6483f49-7190-4ed1-b230-ebf5ab3da486,cust-203,aditi.chopra203@outlook.com,Aditi Chopra,+913849728537,21,19,2,2556.25,134.54,1,0,LOYAL
5fd55784-2b28-4d7f-80e5-5d22f88cc1f0,f6483f49-7190-4ed1-b230-ebf5ab3da486,cust-204,arun.iyer204@yahoo.com,Arun Iyer,+916788555192,19,15,4,1652.98,110.2,2,1,LOYAL
33bd4a64-4f51-4b6e-8617-23d6fa8c24f6,f6483f49-7190-4ed1-b230-ebf5ab3da486,cust-205,sneha.shah205@mail.com,Sneha Shah,+919609799818,17,15,2,1064.11,70.94,1,0,AT_RISK
adabe9c9-d4a2-4978-99ef-c3621fb420e2,f6483f49-7190-4ed1-b230-ebf5ab3da486,cust-206,gaurav.gupta206@outlook.com,Gaurav Gupta,+918764524468,10,6,4,1169.05,194.84,1,0,LOYAL
fdcd8e51-9499-4abc-9723-936d87f64b6f,f6483f49-7190-4ed1-b230-ebf5ab3da486,cust-207,amit.das207@mail.com,Amit Das,+917684458809,14,11,3,1742.76,158.43,1,0,LOYAL
3e844673-6803-46db-a069-480646c6848c,f6483f49-7190-4ed1-b230-ebf5ab3da486,cust-208,arun.rao208@gmail.com,Arun Rao,+917398432518,27,24,3,4033.8,168.08,0,0,NEW
718e25ef-3fef-40d0-9b5f-51eb82bccf1d,f6483f49-7190-4ed1-b230-ebf5ab3da486,cust-209,lakshmi.nair209@gmail.com,Lakshmi Nair,+910680914949,17,13,4,2772.71,213.29,2,1,LOYAL
d4fa37c2-16e4-4c81-9d3e-925589609ba9,f6483f49-7190-4ed1-b230-ebf5ab3da486,cust-210,suresh.gupta210@outlook.com,Suresh Gupta,+911926239133,19,11,8,1281.16,116.47,5,3,AT_RISK
2739e012-ae53-4d98-87fb-9da422551c4f,f6483f49-7190-4ed1-b230-ebf5ab3da486,cust-211,harsh.mehta211@protonmail.com,Harsh Mehta,+916704126068,27,26,1,5242.31,201.63,0,0,LOYAL
ee18addd-e44c-4f71-b4ea-5660a15aae83,f6483f49-7190-4ed1-b230-ebf5ab3da486,cust-212,nisha.iyer212@yahoo.com,Nisha Iyer,+914208132388,18,13,5,2857.19,219.78,0,0,LOYAL
e0b4f464-57bf-41fa-91d1-8eb33d74fad1,f6483f49-7190-4ed1-b230-ebf5ab3da486,cust-213,arun.gupta213@gmail.com,Arun Gupta,+915064761468,22,18,4,1971.36,109.52,1,0,LOYAL
ea37fcd4-71c0-45c7-9266-5451ec1be606,f6483f49-7190-4ed1-b230-ebf5ab3da486,cust-214,amit.kumar214@yahoo.com,Amit Kumar,+917539312056,32,27,5,3550.49,131.5,0,0,LOYAL
98e930a1-52c2-4dd8-9377-941e6082ec8a,f6483f49-7190-4ed1-b230-ebf5ab3da486,cust-215,vikram.verma215@gmail.com,Vikram Verma,+918635572089,17,15,2,2169.52,144.63,0,0,LOYAL
cb5d1320-f3cb-4186-98b9-72078fd742a2,f6483f49-7190-4ed1-b230-ebf5ab3da486,cust-216,ravi.das216@gmail.com,Ravi Das,+912608033384,15,11,4,1925.46,175.04,1,0,NEW
04ab7e00-f1f9-441e-9949-c71474a413de,f6483f49-7190-4ed1-b230-ebf5ab3da486,cust-217,sakshi.reddy217@protonmail.com,Sakshi Reddy,+919700200756,11,5,6,1268.52,253.7,2,0,AT_RISK
9d1539ee-3e5a-4f5b-a13d-0f75b809dc3f,f6483f49-7190-4ed1-b230-ebf5ab3da486,cust-218,rohan.iyer218@protonmail.com,Rohan Iyer,+917056235285,26,23,3,4021.2,174.83,0,0,LOYAL
0c4f1314-92c6-436b-92e7-06be44c3f094,f6483f49-7190-4ed1-b230-ebf5ab3da486,cust-219,neha.pillai219@gmail.com,Neha Pillai,+913492291606,27,23,4,3759.5,163.46,1,0,AT_RISK
d8b67d2c-76d8-4814-9545-3621f1d15870,f6483f49-7190-4ed1-b230-ebf5ab3da486,cust-220,deepa.reddy220@gmail.com,Deepa Reddy,+910104358237,14,9,5,1326.87,147.43,1,0,LOYAL
61101d23-426e-45d8-8c15-bb48eb6adcf1,f6483f49-7190-4ed1-b230-ebf5ab3da486,cust-221,nisha.shah221@gmail.com,Nisha Shah,+917082075043,24,15,9,2464.17,164.28,5,3,AT_RISK
5f5ba8e4-ba9c-467d-818d-0c33b847ceb8,f6483f49-7190-4ed1-b230-ebf5ab3da486,cust-222,ravi.pillai222@yahoo.com,Ravi Pillai,+913215725082,16,10,6,1796.78,179.68,3,2,NEW
0edcd6f6-eb12-4cce-bae7-9010f76e1e0e,f6483f49-7190-4ed1-b230-ebf5ab3da486,cust-223,ravi.rao223@protonmail.com,Ravi Rao,+919190876229,20,14,6,2384.94,170.35,2,1,LOYAL
305fe69c-61c0-4d8f-b5ac-eb252c6f20e7,f6483f49-7190-4ed1-b230-ebf5ab3da486,cust-224,kavya.shah224@gmail.com,Kavya Shah,+915160250488,22,17,5,3230.35,190.02,2,1,AT_RISK
0e62f0ec-445e-47cc-ae37-029eccf8c533,f6483f49-7190-4ed1-b230-ebf5ab3da486,cust-225,kunal.verma225@outlook.com,Kunal Verma,+910432772399,21,18,3,2029.59,112.75,0,0,NEW
7be318b0-fa73-4e0d-9be9-b6807a55bc78,f6483f49-7190-4ed1-b230-ebf5ab3da486,cust-226,kunal.joshi226@mail.com,Kunal Joshi,+917204238890,20,18,2,1253.2,69.62,0,0,AT_RISK
da5f11fb-10f5-497f-80cc-6bd31111737a,f6483f49-7190-4ed1-b230-ebf5ab3da486,cust-227,deepa.das227@outlook.com,Deepa Das,+911524097098,28,22,6,1095.75,49.81,3,2,LOYAL
0e1a5165-686f-4ca3-9e61-cd6402a677fc,f6483f49-7190-4ed1-b230-ebf5ab3da486,cust-228,rohan.iyer228@outlook.com,Rohan Iyer,+914755635061,18,9,9,1444.35,160.48,2,1,AT_RISK
423152e9-17e6-400a-86cd-1be80a06a129,f6483f49-7190-4ed1-b230-ebf5ab3da486,cust-229,karan.shah229@outlook.com,Karan Shah,+919383429171,24,17,7,2117.38,124.55,3,1,NEW
585995a6-7b01-40d1-b008-b6e01dd81227,f6483f49-7190-4ed1-b230-ebf5ab3da486,cust-230,ananya.reddy230@protonmail.com,Ananya Reddy,+914459232116,22,13,9,1736.87,133.61,6,1,LOYAL
31c493c7-1ae2-4a88-b745-e3cdbab00020,f6483f49-7190-4ed1-b230-ebf5ab3da486,cust-231,manish.mishra231@gmail.com,Manish Mishra,+912817930281,23,21,2,2289.78,109.04,0,0,AT_RISK
e700b442-f695-4a2d-a0bf-5ea483295331,f6483f49-7190-4ed1-b230-ebf5ab3da486,cust-232,neha.chopra232@mail.com,Neha Chopra,+917248108918,19,16,3,448.95,28.06,1,0,NEW
adc8a64b-9f3b-4bfe-b809-3b4aae7bc3a3,f6483f49-7190-4ed1-b230-ebf5ab3da486,cust-233,meera.singh233@mail.com,Meera Singh,+915909168088,15,12,3,1918.39,159.87,0,0,LOYAL
3c5298ba-44c9-4100-b1ab-d6d5f6cbd819,f6483f49-7190-4ed1-b230-ebf5ab3da486,cust-234,ananya.patel234@protonmail.com,Ananya Patel,+910947434392,10,7,3,857.31,122.47,1,0,LOYAL
7d177237-13a1-4324-827b-d7a21f153c79,f6483f49-7190-4ed1-b230-ebf5ab3da486,cust-235,rahul.gupta235@gmail.com,Rahul Gupta,+916664840346,19,12,7,1116.7,93.06,5,1,LOYAL
513c9402-c9d4-4545-9352-b48cb3801bc0,f6483f49-7190-4ed1-b230-ebf5ab3da486,cust-236,lakshmi.desai236@yahoo.com,Lakshmi Desai,+916879735495,21,19,2,1720.06,90.53,1,0,AT_RISK
a663ed41-05a7-4c53-85ae-acb8111e09f9,f6483f49-7190-4ed1-b230-ebf5ab3da486,cust-237,neha.shah237@yahoo.com,Neha Shah,+910508284352,17,15,2,1498.36,99.89,1,0,LOYAL
1bbf87b2-777a-48ec-a2cf-e0f5cdaac5b3,f6483f49-7190-4ed1-b230-ebf5ab3da486,cust-238,dev.kumar238@yahoo.com,Dev Kumar,+916289092873,18,16,2,4330.09,270.63,0,0,AT_RISK
765cb2ac-b338-4436-8617-d35f7cea46be,f6483f49-7190-4ed1-b230-ebf5ab3da486,cust-239,manish.reddy239@yahoo.com,Manish Reddy,+912373573519,20,15,5,2788.64,185.91,3,0,NEW
fbf13a96-f580-4605-8b1e-4c6703e3bfa3,f6483f49-7190-4ed1-b230-ebf5ab3da486,cust-240,manish.bhat240@mail.com,Manish Bhat,+913402250921,14,8,6,1265.9,158.24,4,0,AT_RISK
55115f1b-1a1c-4797-a511-d5f20aaa0ece,f6483f49-7190-4ed1-b230-ebf5ab3da486,cust-241,harsh.reddy241@outlook.com,Harsh Reddy,+910171153076,19,15,4,1017.61,67.84,1,0,AT_RISK
dd0cf6ba-67cb-49b9-a2a3-68b83c6d58d1,f6483f49-7190-4ed1-b230-ebf5ab3da486,cust-242,sneha.kumar242@outlook.com,Sneha Kumar,+913119796196,29,23,6,2000.81,86.99,1,0,LOYAL
acec24ea-19ae-4820-b5a6-4f4341efb19e,f6483f49-7190-4ed1-b230-ebf5ab3da486,cust-243,suresh.mishra243@outlook.com,Suresh Mishra,+912513617993,24,17,7,3519.13,207.01,4,1,LOYAL
3b387b0b-20ed-4d5f-8cd3-95879569f6d4,f6483f49-7190-4ed1-b230-ebf5ab3da486,cust-244,kunal.pillai244@gmail.com,Kunal Pillai,+911386614303,28,24,4,2597.83,108.24,0,0,LOYAL
8dd7f60d-6e8e-4231-89a8-34f99b1a4137,f6483f49-7190-4ed1-b230-ebf5ab3da486,cust-245,kavya.reddy245@gmail.com,Kavya Reddy,+918673026377,16,14,2,1849.79,132.13,0,0,LOYAL
245ab010-b247-4d38-abe0-02025a7885a8,f6483f49-7190-4ed1-b230-ebf5ab3da486,cust-246,aditi.das246@protonmail.com,Aditi Das,+917984351486,9,6,3,771.23,128.54,2,0,AT_RISK
e7c23787-92af-423e-aa01-0a94c10ba5ab,f6483f49-7190-4ed1-b230-ebf5ab3da486,cust-247,deepa.mehta247@yahoo.com,Deepa Mehta,+914700213810,17,14,3,1636.61,116.9,0,0,AT_RISK
030e9b97-b9a1-46da-9157-1dc93cefe0e9,f6483f49-7190-4ed1-b230-ebf5ab3da486,cust-248,pooja.singh248@outlook.com,Pooja Singh,+915640918112,24,21,3,2145.74,102.18,1,0,LOYAL
f2ac6bae-7756-4b1a-befe-1522fa044394,f6483f49-7190-4ed1-b230-ebf5ab3da486,cust-249,diya.iyer249@mail.com,Diya Iyer,+917722205813,18,17,1,3063.84,180.23,0,0,NEW
34474ada-01bf-4688-b3c3-24e0c098ce21,f6483f49-7190-4ed1-b230-ebf5ab3da486,cust-250,priya.singh250@outlook.com,Priya Singh,+918640269417,19,17,2,3182.56,187.21,1,0,LOYAL
d1b30bb9-ddf6-4a92-a6d8-56695a61f157,f6483f49-7190-4ed1-b230-ebf5ab3da486,cust-251,ravi.bhat251@outlook.com,Ravi Bhat,+910518342422,18,17,1,3406.39,200.38,0,0,LOYAL
536f4a0f-a4ac-4200-a6b5-1d91e166a7d6,f6483f49-7190-4ed1-b230-ebf5ab3da486,cust-252,aditi.gupta252@gmail.com,Aditi Gupta,+910359558845,22,20,2,2592.96,129.65,1,0,LOYAL
7467301b-43f3-4c1e-9c43-7e4c5e817a95,f6483f49-7190-4ed1-b230-ebf5ab3da486,cust-253,nisha.bhat253@mail.com,Nisha Bhat,+918409759866,21,19,2,1586.2,83.48,1,0,LOYAL
1e0a7caf-6e15-46ec-b54a-2c646ca0ae7f,f6483f49-7190-4ed1-b230-ebf5ab3da486,cust-254,ananya.chopra254@yahoo.com,Ananya Chopra,+919121006281,24,17,7,3303.85,194.34,1,0,NEW
dcaedd7b-e5a7-435e-8ea2-cc1037dbfc46,f6483f49-7190-4ed1-b230-ebf5ab3da486,cust-255,vikram.shah255@outlook.com,Vikram Shah,+919903332487,29,21,8,3574.51,170.21,4,2,LOYAL
f8083aca-2346-4699-a371-fb01ee866db3,f6483f49-7190-4ed1-b230-ebf5ab3da486,cust-256,vikram.pillai256@mail.com,Vikram Pillai,+917115591177,15,9,6,1506.45,167.38,0,0,LOYAL
9dcfa84f-5c0b-4f25-b529-a39205a941c5,f6483f49-7190-4ed1-b230-ebf5ab3da486,cust-257,nisha.kulkarni257@outlook.com,Nisha Kulkarni,+918265414664,16,11,5,1018.16,92.56,3,1,LOYAL
56af6a8f-3f9f-40c3-88b9-bf7f1a11a11f,f6483f49-7190-4ed1-b230-ebf5ab3da486,cust-258,neha.nair258@yahoo.com,Neha Nair,+910423373886,18,13,5,1561.62,120.12,2,1,NEW
1fdcf9d3-22dd-4b18-a304-ea2ecef73f80,f6483f49-7190-4ed1-b230-ebf5ab3da486,cust-259,nisha.mehta259@yahoo.com,Nisha Mehta,+913773760494,21,17,4,3741.36,220.08,0,0,LOYAL
7ea6c967-857c-4e5b-86a8-a1b7f16fce96,f6483f49-7190-4ed1-b230-ebf5ab3da486,cust-260,ravi.desai260@outlook.com,Ravi Desai,+918513518801,17,13,4,2344.37,180.34,2,1,LOYAL
25d37581-979a-41c7-ab78-649be9932b2b,f6483f49-7190-4ed1-b230-ebf5ab3da486,cust-261,manish.joshi261@gmail.com,Manish Joshi,+912497285610,19,13,6,2224.03,171.08,3,1,LOYAL
db344a4e-c3f7-4c2e-b215-87b516b8b79f,f6483f49-7190-4ed1-b230-ebf5ab3da486,cust-262,meera.bhat262@mail.com,Meera Bhat,+914945382800,23,17,6,3141.21,184.78,2,0,AT_RISK
aa1b71e0-7ddd-4a7a-b032-ef7c511c064e,f6483f49-7190-4ed1-b230-ebf5ab3da486,cust-263,aditi.reddy263@mail.com,Aditi Reddy,+917222265896,33,25,8,4469.01,178.76,6,1,LOYAL
7374cdf4-e093-41b4-b250-2559505e955d,f6483f49-7190-4ed1-b230-ebf5ab3da486,cust-264,ravi.gupta264@yahoo.com,Ravi Gupta,+916028396433,15,7,8,882.41,126.06,2,1,LOYAL
e5c897b5-1db8-4abb-bd62-b70f4736b6b4,f6483f49-7190-4ed1-b230-ebf5ab3da486,cust-265,ishita.joshi265@protonmail.com,Ishita Joshi,+913565099855,24,14,10,2282.88,163.06,1,0,NEW
dce3b744-bf11-403f-a47e-1650d258dadf,f6483f49-7190-4ed1-b230-ebf5ab3da486,cust-266,karan.verma266@gmail.com,Karan Verma,+914323269615,21,19,2,2252.2,118.54,0,0,LOYAL
c39be964-f7ff-4f95-b114-b560742e43ec,f6483f49-7190-4ed1-b230-ebf5ab3da486,cust-267,gaurav.patel267@mail.com,Gaurav Patel,+914310429475,19,17,2,2083.96,122.59,1,0,LOYAL
75935455-550a-4cd6-8e7f-3448eaf473f4,f6483f49-7190-4ed1-b230-ebf5ab3da486,cust-268,sneha.joshi268@outlook.com,Sneha Joshi,+917257965888,16,12,4,2006.27,167.19,0,0,NEW
b37565ae-caed-4342-b90e-d607c6646063,f6483f49-7190-4ed1-b230-ebf5ab3da486,cust-269,dev.verma269@gmail.com,Dev Verma,+914775998622,34,24,10,4842.3,201.76,3,1,LOYAL
fd3bccb7-56f8-4fbd-bbbb-efb8a62a9227,f6483f49-7190-4ed1-b230-ebf5ab3da486,cust-270,nisha.verma270@protonmail.com,Nisha Verma,+917322848590,16,14,2,1594.78,113.91,0,0,LOYAL
7625975f-0f00-4e3a-b068-1117d5b75b6d,f6483f49-7190-4ed1-b230-ebf5ab3da486,cust-271,pooja.joshi271@mail.com,Pooja Joshi,+911654819398,13,12,1,2297.84,191.49,0,0,LOYAL
c077c1a5-4018-4315-809e-1a3ce03b9cad,f6483f49-7190-4ed1-b230-ebf5ab3da486,cust-272,rahul.gupta272@outlook.com,Rahul Gupta,+918103930427,23,20,3,3551.48,177.57,0,0,LOYAL
ff61df56-4352-4e10-8559-f7a4ebaaa8ce,f6483f49-7190-4ed1-b230-ebf5ab3da486,cust-273,sneha.reddy273@protonmail.com,Sneha Reddy,+917714444057,22,21,1,3689.97,175.71,0,0,AT_RISK
c7b841b9-b0e7-4c03-b6ad-96526dccc80f,f6483f49-7190-4ed1-b230-ebf5ab3da486,cust-274,aarav.nair274@mail.com,Aarav Nair,+911662631351,15,12,3,1721.12,143.43,0,0,LOYAL
9a352194-3f3d-4936-8ba5-b13d330cb9f2,f6483f49-7190-4ed1-b230-ebf5ab3da486,cust-275,manish.patel275@outlook.com,Manish Patel,+919455461947,21,18,3,2937.14,163.17,2,1,NEW
b65c952f-888b-4e7c-9481-4b3b2feb5e72,f6483f49-7190-4ed1-b230-ebf5ab3da486,cust-276,dev.das276@gmail.com,Dev Das,+912717513608,16,13,3,2393.33,184.1,1,0,AT_RISK
a0f9dae0-4033-4ae7-9d3f-9c4dae03262d,f6483f49-7190-4ed1-b230-ebf5ab3da486,cust-277,ishita.kulkarni277@mail.com,Ishita Kulkarni,+910966064354,21,16,5,3109.83,194.36,0,0,AT_RISK
b412c768-3c5e-4ca2-a506-e786dcc2e044,f6483f49-7190-4ed1-b230-ebf5ab3da486,cust-278,arjun.joshi278@gmail.com,Arjun Joshi,+913662618171,21,19,2,2630.68,138.46,1,0,LOYAL
45aef1fb-dde5-413c-8e30-ec4dfa6aab8f,f6483f49-7190-4ed1-b230-ebf5ab3da486,cust-279,ananya.kumar279@protonmail.com,Ananya Kumar,+911125272042,19,17,2,3280.65,192.98,0,0,LOYAL
9f555cfc-05a1-4b92-adb3-cd6708ab886e,f6483f49-7190-4ed1-b230-ebf5ab3da486,cust-280,suresh.bhat280@outlook.com,Suresh Bhat,+912001549707,11,6,5,816.31,136.05,0,0,LOYAL
21e484c3-43e1-4939-aabc-ac71798d7ccf,f6483f49-7190-4ed1-b230-ebf5ab3da486,cust-281,pooja.shah281@yahoo.com,Pooja Shah,+914920888364,26,21,5,2507.15,119.39,1,0,LOYAL
96acda76-7022-4064-8e7a-7bc4f912d58e,f6483f49-7190-4ed1-b230-ebf5ab3da486,cust-282,ananya.kumar282@gmail.com,Ananya Kumar,+910163892733,18,14,4,2012.18,143.73,1,0,AT_RISK
83e40f90-ce90-4162-9124-33bb8bd2ec10,f6483f49-7190-4ed1-b230-ebf5ab3da486,cust-283,ananya.das283@protonmail.com,Ananya Das,+919238767160,26,21,5,6284.52,299.26,3,2,AT_RISK
09e20a03-d587-417e-ac18-ad5935285bc0,f6483f49-7190-4ed1-b230-ebf5ab3da486,cust-284,nisha.reddy284@gmail.com,Nisha Reddy,+914586133068,19,17,2,2195.24,129.13,0,0,LOYAL
a891003f-3254-4050-991b-49ee71d52c0a,f6483f49-7190-4ed1-b230-ebf5ab3da486,cust-285,pooja.gupta285@protonmail.com,Pooja Gupta,+919140237675,23,20,3,1741.5,87.07,0,0,LOYAL
bdbf8bc0-1934-4280-a2bf-c7174e18ee55,f6483f49-7190-4ed1-b230-ebf5ab3da486,cust-286,sneha.mehta286@outlook.com,Sneha Mehta,+915664746618,16,12,4,2412.83,201.07,1,0,LOYAL
5752a427-ecb6-4798-b1e2-d53420e208a2,f6483f49-7190-4ed1-b230-ebf5ab3da486,cust-287,pooja.mishra287@gmail.com,Pooja Mishra,+910954417332,23,20,3,1986.1,99.31,1,0,LOYAL
871e6e30-947d-4396-9599-acaaa7692491,f6483f49-7190-4ed1-b230-ebf5ab3da486,cust-288,rohan.mehta288@mail.com,Rohan Mehta,+916424848414,14,10,4,1382.69,138.27,1,0,NEW
9ac1f7f5-00ea-4a8f-bc76-73a0946858ac,f6483f49-7190-4ed1-b230-ebf5ab3da486,cust-289,arun.sharma289@gmail.com,Arun Sharma,+914058796856,24,23,1,3772.73,164.03,0,0,AT_RISK
3b8eaa26-409f-4089-9efa-65f5fb72480a,f6483f49-7190-4ed1-b230-ebf5ab3da486,cust-290,rahul.nair290@outlook.com,Rahul Nair,+918883757340,20,19,1,2657.17,139.85,0,0,NEW
95b753bb-9433-4508-89b6-8c98a6fd9c5e,f6483f49-7190-4ed1-b230-ebf5ab3da486,cust-291,deepa.mehta291@gmail.com,Deepa Mehta,+913892570117,18,14,4,2693.9,192.42,3,0,LOYAL
870ba597-a4ff-400b-afaa-31ed6817066a,f6483f49-7190-4ed1-b230-ebf5ab3da486,cust-292,jaya.iyer292@gmail.com,Jaya Iyer,+912118281370,12,11,1,1990.84,180.99,0,0,NEW
6e9a5dbd-c6b5-4bf6-be01-424ab250bba1,f6483f49-7190-4ed1-b230-ebf5ab3da486,cust-293,arun.pillai293@gmail.com,Arun Pillai,+917469145098,18,13,5,2373.49,182.58,2,0,AT_RISK
6d7202c7-0961-410d-8c2b-220c519bf195,f6483f49-7190-4ed1-b230-ebf5ab3da486,cust-294,ravi.desai294@yahoo.com,Ravi Desai,+916181663846,24,16,8,3564.66,222.79,5,3,LOYAL
79e03a05-7b9a-4042-b149-06749e22ddd2,f6483f49-7190-4ed1-b230-ebf5ab3da486,cust-295,harsh.mehta295@outlook.com,Harsh Mehta,+913328168585,14,11,3,1813.12,164.83,2,1,LOYAL
4f8dd9ee-4f5f-4d09-9efa-6efc2dc4390f,f6483f49-7190-4ed1-b230-ebf5ab3da486,cust-296,kavya.kulkarni296@yahoo.com,Kavya Kulkarni,+912623696956,21,13,8,1808.27,139.1,1,0,LOYAL
91e2eac8-d8bd-4c4b-ad54-04444d1ca371,f6483f49-7190-4ed1-b230-ebf5ab3da486,cust-297,kavya.kumar297@outlook.com,Kavya Kumar,+915597685840,16,11,5,1150.73,104.61,3,1,LOYAL
1d87bc46-d90c-4cf8-a1b1-53ab19c7df91,f6483f49-7190-4ed1-b230-ebf5ab3da486,cust-298,ananya.sharma298@protonmail.com,Ananya Sharma,+911617122862,17,14,3,2487.28,177.66,0,0,LOYAL
add9cc55-646c-4e55-bd75-14cf3d9bb401,f6483f49-7190-4ed1-b230-ebf5ab3da486,cust-299,kunal.kulkarni299@gmail.com,Kunal Kulkarni,+913466526357,16,15,1,1727.42,115.16,0,0,LOYAL
a42dc7eb-9fcc-462e-8551-1d81296685e3,f6483f49-7190-4ed1-b230-ebf5ab3da486,cust-300,harsh.verma300@gmail.com,Harsh Verma,+919399350267,19,15,4,1076.4,71.76,2,0,AT_RISK
31d65c41-2386-4527-b33f-d8b92d556eea,f6483f49-7190-4ed1-b230-ebf5ab3da486,cust-301,nisha.chopra301@yahoo.com,Nisha Chopra,+919767567921,26,20,6,3756.79,187.84,4,3,LOYAL
f0c2a106-6224-4582-801e-0abf15d07c13,f6483f49-7190-4ed1-b230-ebf5ab3da486,cust-302,deepa.singh302@yahoo.com,Deepa Singh,+919710221804,14,11,3,2437.25,221.57,1,0,NEW
b40f13d0-5e5a-450c-83ae-3677e8f764f9,f6483f49-7190-4ed1-b230-ebf5ab3da486,cust-303,suresh.gupta303@gmail.com,Suresh Gupta,+911309664537,24,17,7,2761.91,162.47,3,2,LOYAL
4bdddb3d-967c-4536-a92f-6eaa8e29a1ce,f6483f49-7190-4ed1-b230-ebf5ab3da486,cust-304,kavya.desai304@yahoo.com,Kavya Desai,+919571543863,19,15,4,1200.52,80.03,3,1,LOYAL
f9b7f774-bc55-44d4-b033-555010da1da2,f6483f49-7190-4ed1-b230-ebf5ab3da486,cust-305,karan.joshi305@mail.com,Karan Joshi,+915989064966,24,18,6,1746.98,97.05,4,1,LOYAL
eeac98dd-e76b-4318-9386-c9b73f39084e,f6483f49-7190-4ed1-b230-ebf5ab3da486,cust-306,aditi.nair306@protonmail.com,Aditi Nair,+919935298384,23,21,2,2640.43,125.73,1,0,LOYAL
7a8d7b58-5c6f-4318-ac11-633789d1fc5d,f6483f49-7190-4ed1-b230-ebf5ab3da486,cust-307,aditi.verma307@yahoo.com,Aditi Verma,+913009756262,19,14,5,3187.91,227.71,3,2,AT_RISK
1859571a-57b5-4f06-9685-91502abe086b,f6483f49-7190-4ed1-b230-ebf5ab3da486,cust-308,deepa.iyer308@gmail.com,Deepa Iyer,+912887480607,20,16,4,1479.19,92.45,2,1,LOYAL
7f478226-9ca5-45b3-8bbb-d1d8ad7bf3fe,f6483f49-7190-4ed1-b230-ebf5ab3da486,cust-309,aditi.singh309@gmail.com,Aditi Singh,+910755223640,18,15,3,1402.04,93.47,2,1,NEW
ce009b8c-5122-4034-a4b9-189a7e3b1259,f6483f49-7190-4ed1-b230-ebf5ab3da486,cust-310,deepa.kumar310@mail.com,Deepa Kumar,+910707083526,23,18,5,3438.31,191.02,2,1,NEW
f89b8290-bf32-4642-a7d6-261deacbf11c,f6483f49-7190-4ed1-b230-ebf5ab3da486,cust-311,vikram.singh311@outlook.com,Vikram Singh,+917436451375,18,16,2,2258.58,141.16,0,0,NEW
66d83571-ea99-4bb5-adf1-0085b10ae8a2,f6483f49-7190-4ed1-b230-ebf5ab3da486,cust-312,arun.gupta312@outlook.com,Arun Gupta,+916977395510,19,16,3,1566.36,97.9,0,0,LOYAL
f17ac8e3-71cd-405a-845c-e666d7e8c884,f6483f49-7190-4ed1-b230-ebf5ab3da486,cust-313,vikram.das313@mail.com,Vikram Das,+915027729811,22,19,3,2820.13,148.43,0,0,AT_RISK
35580263-8d69-474e-8bfd-a440693955bd,f6483f49-7190-4ed1-b230-ebf5ab3da486,cust-314,vikram.shah314@yahoo.com,Vikram Shah,+911650795606,14,10,4,997.97,99.8,1,0,LOYAL
55243142-7785-499e-a777-2dc98fff0d05,f6483f49-7190-4ed1-b230-ebf5ab3da486,cust-315,ishita.kumar315@yahoo.com,Ishita Kumar,+917431616934,17,15,2,3624.42,241.63,1,0,LOYAL
78452241-254b-47a7-bb42-3f07dfbf50af,f6483f49-7190-4ed1-b230-ebf5ab3da486,cust-316,vikram.verma316@mail.com,Vikram Verma,+911589137762,20,17,3,3268.38,192.26,1,0,LOYAL
f8af9178-ec8d-4943-bffc-5c6e2fea5a3f,f6483f49-7190-4ed1-b230-ebf5ab3da486,cust-317,meera.gupta317@outlook.com,Meera Gupta,+918433516881,20,17,3,3878.46,228.14,0,0,AT_RISK
49a3a0cb-5961-4a8c-bf4a-a4f66c832b4d,f6483f49-7190-4ed1-b230-ebf5ab3da486,cust-318,sakshi.joshi318@outlook.com,Sakshi Joshi,+917678868572,15,7,8,994.33,142.05,3,1,LOYAL
bc4f164e-4747-4b93-89bb-64d45df54ad6,f6483f49-7190-4ed1-b230-ebf5ab3da486,cust-319,aditi.kulkarni319@outlook.com,Aditi Kulkarni,+915947327724,14,12,2,1471.04,122.59,1,0,LOYAL
e30aafd8-466a-4fa8-90e8-f8339c174689,f6483f49-7190-4ed1-b230-ebf5ab3da486,cust-320,rohan.singh320@protonmail.com,Rohan Singh,+913029967115,14,12,2,1661.69,138.47,1,0,NEW
86790d92-8d99-47ee-afc2-73ca64997434,f6483f49-7190-4ed1-b230-ebf5ab3da486,cust-321,sneha.gupta321@protonmail.com,Sneha Gupta,+919072226573,22,19,3,3358.08,176.74,1,0,LOYAL
a648bc35-1715-4123-8e70-20022aa9fe13,f6483f49-7190-4ed1-b230-ebf5ab3da486,cust-322,suresh.chopra322@gmail.com,Suresh Chopra,+910619627553,18,16,2,1865.78,116.61,1,0,LOYAL
73aed1ce-2041-49bb-8156-fb1801bdca43,f6483f49-7190-4ed1-b230-ebf5ab3da486,cust-323,neha.rao323@mail.com,Neha Rao,+916853953844,24,16,8,1979.0,123.69,5,1,NEW
ef73b319-b760-4cb7-9636-3453ac88ccb8,f6483f49-7190-4ed1-b230-ebf5ab3da486,cust-324,vikram.sharma324@mail.com,Vikram Sharma,+918425211686,16,12,4,1929.24,160.77,1,0,NEW
6699c8c9-0940-4dad-926c-5c52786c9d46,f6483f49-7190-4ed1-b230-ebf5ab3da486,cust-325,priya.nair325@gmail.com,Priya Nair,+914421800516,21,16,5,1944.13,121.51,2,0,NEW
73e8fec2-2a0d-4cf6-b6b5-f1cf44023ba7,f6483f49-7190-4ed1-b230-ebf5ab3da486,cust-326,aditi.pillai326@yahoo.com,Aditi Pillai,+910219550762,18,16,2,2686.76,167.92,0,0,LOYAL
fb018763-1821-4fe7-93fc-6238e4d01122,f6483f49-7190-4ed1-b230-ebf5ab3da486,cust-327,amit.joshi327@protonmail.com,Amit Joshi,+916442415765,28,18,10,2524.77,140.27,7,4,AT_RISK
296e6ae9-070b-461e-852d-e8994fc1ff60,f6483f49-7190-4ed1-b230-ebf5ab3da486,cust-328,dev.nair328@protonmail.com,Dev Nair,+915031059686,17,12,5,1526.68,127.22,3,2,LOYAL
eb8662e6-4941-44d2-9350-b51500aff557,f6483f49-7190-4ed1-b230-ebf5ab3da486,cust-329,dev.bhat329@mail.com,Dev Bhat,+915857069509,23,18,5,3596.91,199.83,3,0,LOYAL
b5328a1d-52ea-4b34-91ac-efab67ee855e,f6483f49-7190-4ed1-b230-ebf5ab3da486,cust-330,deepa.iyer330@mail.com,Deepa Iyer,+914864947389,28,21,7,1944.92,92.62,5,2,LOYAL
d206717a-e535-4a66-ab60-86dbdbcbb213,f6483f49-7190-4ed1-b230-ebf5ab3da486,cust-331,manish.pillai331@gmail.com,Manish Pillai,+914279055207,16,12,4,1230.65,102.55,1,0,AT_RISK
0c05677d-aacb-478c-8793-1db0c517e080,f6483f49-7190-4ed1-b230-ebf5ab3da486,cust-332,aarav.pillai332@mail.com,Aarav Pillai,+911066331628,27,25,2,2989.26,119.57,0,0,AT_RISK
9e943ca0-c3ae-4b62-b9b2-74169d4940fb,f6483f49-7190-4ed1-b230-ebf5ab3da486,cust-333,priya.pillai333@outlook.com,Priya Pillai,+916932551549,14,8,6,652.67,81.58,1,0,LOYAL
80d82bba-9193-4d33-955d-0a756e534ab7,f6483f49-7190-4ed1-b230-ebf5ab3da486,cust-334,sneha.rao334@protonmail.com,Sneha Rao,+917867461243,27,23,4,3679.78,159.99,1,0,AT_RISK
2aa708f4-1e7e-4f7e-a723-c5298531382c,f6483f49-7190-4ed1-b230-ebf5ab3da486,cust-335,sakshi.mishra335@gmail.com,Sakshi Mishra,+911900194020,19,15,4,3387.3,225.82,0,0,LOYAL
f7053e64-169d-4f68-9665-3f5aedd2a0df,f6483f49-7190-4ed1-b230-ebf5ab3da486,cust-336,aditi.das336@protonmail.com,Aditi Das,+916575986426,13,10,3,1422.37,142.24,2,0,AT_RISK
8b10ffac-89b5-4144-9ddb-0f5efb736eae,f6483f49-7190-4ed1-b230-ebf5ab3da486,cust-337,lakshmi.desai337@outlook.com,Lakshmi Desai,+911756663690,19,10,9,1743.02,174.3,3,2,AT_RISK
704bcb0c-b063-4475-b6c4-5dac4c661f2d,f6483f49-7190-4ed1-b230-ebf5ab3da486,cust-338,ishita.das338@outlook.com,Ishita Das,+916420795755,20,16,4,3230.7,201.92,0,0,LOYAL
53784c99-6d1a-42e0-b199-d0395eac284c,f6483f49-7190-4ed1-b230-ebf5ab3da486,cust-339,meera.shah339@yahoo.com,Meera Shah,+916195241029,25,22,3,1243.28,56.51,2,0,AT_RISK
1c9f7e21-c182-4632-ac24-df9974c6a800,f6483f49-7190-4ed1-b230-ebf5ab3da486,cust-340,lakshmi.desai340@outlook.com,Lakshmi Desai,+918856957794,22,21,1,2458.84,117.09,0,0,LOYAL
55743c17-3403-45d7-b1a1-9f5345424b0b,f6483f49-7190-4ed1-b230-ebf5ab3da486,cust-341,rahul.pillai341@gmail.com,Rahul Pillai,+914237278435,23,18,5,2172.12,120.67,1,0,LOYAL
1fb93552-5528-49e4-90ff-d24265a1eea3,f6483f49-7190-4ed1-b230-ebf5ab3da486,cust-342,harsh.shah342@yahoo.com,Harsh Shah,+912373513251,21,18,3,1994.62,110.81,1,0,NEW
50fd8cbc-e70f-4deb-a8d0-84bbbad7cd46,f6483f49-7190-4ed1-b230-ebf5ab3da486,cust-343,jaya.joshi343@protonmail.com,Jaya Joshi,+917222288371,19,16,3,1188.42,74.28,1,0,AT_RISK
6e8c3442-afab-4c9f-8eef-c9da2b00743c,f6483f49-7190-4ed1-b230-ebf5ab3da486,cust-344,amit.bhat344@mail.com,Amit Bhat,+910898338852,16,13,3,2400.27,184.64,1,0,LOYAL
c2fe5931-e265-42e7-9660-b632428f2711,f6483f49-7190-4ed1-b230-ebf5ab3da486,cust-345,dev.desai345@outlook.com,Dev Desai,+913715490387,22,17,5,3570.45,210.03,2,0,AT_RISK
3c236077-0417-4e21-a5da-dc9e5d913075,f6483f49-7190-4ed1-b230-ebf5ab3da486,cust-346,rahul.kumar346@mail.com,Rahul Kumar,+914602536252,20,19,1,3571.73,187.99,0,0,AT_RISK
522297f4-3b2e-4e98-993c-6f33f3742a9d,f6483f49-7190-4ed1-b230-ebf5ab3da486,cust-347,ravi.mishra347@outlook.com,Ravi Mishra,+913427382115,32,18,14,2583.43,143.52,9,3,AT_RISK
c6f4dc66-4047-4524-aafa-97b8b4ffddd2,f6483f49-7190-4ed1-b230-ebf5ab3da486,cust-348,gaurav.kumar348@outlook.com,Gaurav Kumar,+918581874041,22,20,2,3572.39,178.62,0,0,NEW
82e31803-2bd5-4c49-b4b6-a53429d14bce,f6483f49-7190-4ed1-b230-ebf5ab3da486,cust-349,pooja.desai349@mail.com,Pooja Desai,+917735536084,15,12,3,2429.22,202.44,0,0,NEW
c68e6961-1490-4eab-81f0-7b80562bb8b5,f6483f49-7190-4ed1-b230-ebf5ab3da486,cust-350,arun.kumar350@protonmail.com,Arun Kumar,+917235834366,14,12,2,2243.79,186.98,0,0,LOYAL
7d97bbdf-2f6a-4c48-b406-af025790765e,f6483f49-7190-4ed1-b230-ebf5ab3da486,cust-351,sneha.pillai351@mail.com,Sneha Pillai,+911736478326,17,7,10,1383.04,197.58,2,1,LOYAL
b6460fce-0558-40a0-8994-798a1638c12c,f6483f49-7190-4ed1-b230-ebf5ab3da486,cust-352,arjun.reddy352@outlook.com,Arjun Reddy,+914649033676,21,14,7,2429.03,173.5,1,0,AT_RISK
dd854138-d4e8-40ed-a1fb-7daaebdf5ec0,f6483f49-7190-4ed1-b230-ebf5ab3da486,cust-353,neha.shah353@protonmail.com,Neha Shah,+917975418122,13,11,2,110.0,10.0,0,0,LOYAL
0b01e546-05e9-4473-97bc-360709e1868a,f6483f49-7190-4ed1-b230-ebf5ab3da486,cust-354,jaya.singh354@yahoo.com,Jaya Singh,+911108503702,15,13,2,2246.34,172.8,0,0,LOYAL
3890fd77-5516-4388-9ad4-51f9bf99889a,f6483f49-7190-4ed1-b230-ebf5ab3da486,cust-355,arjun.singh355@protonmail.com,Arjun Singh,+913226180683,22,18,4,1514.58,84.14,2,1,LOYAL
d78d6f97-cc9b-4985-831b-d74ad09329a6,f6483f49-7190-4ed1-b230-ebf5ab3da486,cust-356,ravi.chopra356@mail.com,Ravi Chopra,+919519554784,16,12,4,2109.38,175.78,2,0,NEW
45a2a8db-015a-45aa-aebe-3fa5010c9cdf,f6483f49-7190-4ed1-b230-ebf5ab3da486,cust-357,arun.kulkarni357@outlook.com,Arun Kulkarni,+919420341057,23,13,10,2530.42,194.65,7,2,LOYAL
c18d9c7e-297f-4aa5-8ea8-4cc577ec1526,f6483f49-7190-4ed1-b230-ebf5ab3da486,cust-358,arjun.rao358@outlook.com,Arjun Rao,+914099404220,22,18,4,1005.16,55.84,0,0,LOYAL
1de8186c-164b-4818-9d6f-a2f3caab30d8,f6483f49-7190-4ed1-b230-ebf5ab3da486,cust-359,meera.joshi359@protonmail.com,Meera Joshi,+918427682065,25,21,4,4095.42,195.02,1,0,LOYAL
6b87db19-3d90-4aec-b6c1-396140aacd92,f6483f49-7190-4ed1-b230-ebf5ab3da486,cust-360,lakshmi.mishra360@outlook.com,Lakshmi Mishra,+912784812662,21,20,1,2475.55,123.78,0,0,LOYAL
37e22256-3bb9-4a8c-ab56-5690eeb4da45,f6483f49-7190-4ed1-b230-ebf5ab3da486,cust-361,vikram.bhat361@yahoo.com,Vikram Bhat,+913190921400,22,20,2,2153.15,107.66,0,0,LOYAL
25fbfa6a-834a-4e74-bdb6-d53ff587f308,f6483f49-7190-4ed1-b230-ebf5ab3da486,cust-362,aarav.bhat362@yahoo.com,Aarav Bhat,+913379473890,19,18,1,4420.28,245.57,0,0,LOYAL
561cbfc1-c3f7-4e81-aa4d-d92006cbb707,f6483f49-7190-4ed1-b230-ebf5ab3da486,cust-363,kunal.das363@gmail.com,Kunal Das,+915182309739,32,23,9,1531.11,66.57,6,2,NEW
ccce252a-9442-4fee-a941-1973875e52c5,f6483f49-7190-4ed1-b230-ebf5ab3da486,cust-364,gaurav.patel364@yahoo.com,Gaurav Patel,+914759463360,23,18,5,2968.34,164.91,2,1,AT_RISK
cb4d4e88-ff62-4093-a0fc-d91684d5d17a,f6483f49-7190-4ed1-b230-ebf5ab3da486,cust-365,suresh.kulkarni365@mail.com,Suresh Kulkarni,+911423069240,17,14,3,1933.32,138.09,1,0,LOYAL
e416d103-7a06-4440-9fa0-12f77792cd2f,f6483f49-7190-4ed1-b230-ebf5ab3da486,cust-366,lakshmi.shah366@mail.com,Lakshmi Shah,+911700745301,21,16,5,2917.19,182.32,1,0,LOYAL
8777d33a-d7aa-4d98-88e1-14485a4bfdf9,f6483f49-7190-4ed1-b230-ebf5ab3da486,cust-367,amit.mishra367@outlook.com,Amit Mishra,+919960677129,14,7,7,1459.57,208.51,5,2,LOYAL
5a7ba585-64e0-4128-82bf-1812ec580c8a,f6483f49-7190-4ed1-b230-ebf5ab3da486,cust-368,lakshmi.rao368@protonmail.com,Lakshmi Rao,+917037207554,12,11,1,2476.88,225.17,0,0,NEW
2064a184-a52c-4d4a-83fc-4e651ed836bd,f6483f49-7190-4ed1-b230-ebf5ab3da486,cust-369,sneha.reddy369@mail.com,Sneha Reddy,+913728950122,19,16,3,3741.11,233.82,1,0,NEW
d970f5b7-c035-4991-978a-26887b01b46b,f6483f49-7190-4ed1-b230-ebf5ab3da486,cust-370,meera.chopra370@gmail.com,Meera Chopra,+917578636309,22,13,9,2639.89,203.07,6,3,LOYAL
bfc1855c-fb44-4c65-87ed-b891a034f1ce,f6483f49-7190-4ed1-b230-ebf5ab3da486,cust-371,manish.das371@yahoo.com,Manish Das,+915456361508,22,21,1,3093.4,147.3,0,0,NEW
ac8a5846-8724-4a90-9bdb-1c1fd93d4a6b,f6483f49-7190-4ed1-b230-ebf5ab3da486,cust-372,arjun.reddy372@gmail.com,Arjun Reddy,+912405865723,11,10,1,1628.99,162.9,0,0,LOYAL
761f8d16-0b93-46a3-86fe-97f963fa5aac,f6483f49-7190-4ed1-b230-ebf5ab3da486,cust-373,vikram.singh373@gmail.com,Vikram Singh,+919248080594,23,22,1,5048.82,229.49,0,0,LOYAL
9c839d19-df11-4fab-892c-ac4fcf861064,f6483f49-7190-4ed1-b230-ebf5ab3da486,cust-374,meera.patel374@mail.com,Meera Patel,+912003990751,15,11,4,1516.53,137.87,1,0,LOYAL
bf31dd64-2e73-44d2-bdff-ccb59c938a3e,f6483f49-7190-4ed1-b230-ebf5ab3da486,cust-375,rohan.mehta375@mail.com,Rohan Mehta,+916174163468,23,12,11,2207.36,183.95,3,0,LOYAL
f9f3b1ee-2a42-4d16-b8ad-c96c83c13592,f6483f49-7190-4ed1-b230-ebf5ab3da486,cust-376,dev.reddy376@mail.com,Dev Reddy,+914319433933,33,26,7,1132.65,43.56,3,2,LOYAL
7564e307-3edb-4752-b628-c8a34612ac9b,f6483f49-7190-4ed1-b230-ebf5ab3da486,cust-377,kunal.iyer377@outlook.com,Kunal Iyer,+916527929437,18,16,2,1979.3,123.71,1,0,LOYAL
7a9b7170-eaaf-45fd-a92c-016e259cffd6,f6483f49-7190-4ed1-b230-ebf5ab3da486,cust-378,karan.mishra378@gmail.com,Karan Mishra,+915933280862,30,19,11,4566.84,240.36,3,0,LOYAL
e0a6fc4d-2afb-44c1-b3d4-44cbeada2e64,f6483f49-7190-4ed1-b230-ebf5ab3da486,cust-379,sakshi.desai379@mail.com,Sakshi Desai,+915504128223,15,12,3,2463.54,205.3,1,0,LOYAL
72f597f1-b919-4259-89e8-c44613691ac4,f6483f49-7190-4ed1-b230-ebf5ab3da486,cust-380,sneha.das380@mail.com,Sneha Das,+919777186595,27,21,6,3070.55,146.22,3,0,AT_RISK
fdd6dd3b-9e21-43ec-ac3c-7377f9cd06dc,f6483f49-7190-4ed1-b230-ebf5ab3da486,cust-381,karan.patel381@mail.com,Karan Patel,+913793849177,24,22,2,3515.03,159.77,0,0,AT_RISK
e90d364d-c5c2-4e28-bd2f-a8df83213d0e,f6483f49-7190-4ed1-b230-ebf5ab3da486,cust-382,nisha.mishra382@gmail.com,Nisha Mishra,+916605353616,15,11,4,257.26,23.39,3,2,LOYAL
b213d044-284d-43d8-94b8-3638951bdfb8,f6483f49-7190-4ed1-b230-ebf5ab3da486,cust-383,neha.chopra383@mail.com,Neha Chopra,+915047134752,13,10,3,1224.94,122.49,1,0,LOYAL
7e5d2979-bcd0-47d4-b1b3-91eda048c9e8,f6483f49-7190-4ed1-b230-ebf5ab3da486,cust-384,neha.desai384@protonmail.com,Neha Desai,+917115461672,16,12,4,2050.92,170.91,1,0,LOYAL
68789618-57da-4a39-baf4-20480fe8b9a3,f6483f49-7190-4ed1-b230-ebf5ab3da486,cust-385,amit.shah385@protonmail.com,Amit Shah,+913906433503,25,17,8,4481.57,263.62,2,1,LOYAL
d16b384e-5d85-49fa-a0e7-06e717fdb33d,f6483f49-7190-4ed1-b230-ebf5ab3da486,cust-386,meera.mishra386@protonmail.com,Meera Mishra,+916492617072,15,12,3,2753.18,229.43,1,0,LOYAL
af81650c-826c-4f6c-aad4-e74326a9d15c,f6483f49-7190-4ed1-b230-ebf5ab3da486,cust-387,vikram.gupta387@outlook.com,Vikram Gupta,+910614025252,15,13,2,130.0,10.0,0,0,NEW
2374e871-42e9-4c38-bc33-83deea5eadb2,f6483f49-7190-4ed1-b230-ebf5ab3da486,cust-388,ravi.mishra388@yahoo.com,Ravi Mishra,+916639520262,20,15,5,3672.97,244.86,2,1,NEW
8a8a68aa-16d7-4e52-be81-342d2348a139,f6483f49-7190-4ed1-b230-ebf5ab3da486,cust-389,rahul.sharma389@gmail.com,Rahul Sharma,+913286808623,13,12,1,1527.27,127.27,0,0,NEW
327e77b4-d2bd-4101-a5f5-ec82bce6264f,f6483f49-7190-4ed1-b230-ebf5ab3da486,cust-390,harsh.kumar390@outlook.com,Harsh Kumar,+914501957093,20,13,7,581.33,44.72,0,0,LOYAL
0bea6feb-0dbb-44a1-84c3-b9ffad5240a6,f6483f49-7190-4ed1-b230-ebf5ab3da486,cust-391,ravi.das391@yahoo.com,Ravi Das,+910633992023,19,15,4,3397.65,226.51,1,0,LOYAL
14cc0370-a4c0-44d8-bd42-28f036cc1191,f6483f49-7190-4ed1-b230-ebf5ab3da486,cust-392,manish.sharma392@mail.com,Manish Sharma,+919233175686,13,10,3,2467.58,246.76,2,0,LOYAL
86601fbd-696c-486b-9cd9-11f170d67eb3,f6483f49-7190-4ed1-b230-ebf5ab3da486,cust-393,priya.mehta393@mail.com,Priya Mehta,+911993521588,18,14,4,2326.08,166.15,0,0,LOYAL
c4015b51-fc48-41a9-946d-6c44e50aefb5,f6483f49-7190-4ed1-b230-ebf5ab3da486,cust-394,karan.desai394@yahoo.com,Karan Desai,+914976510571,23,17,6,2954.12,173.77,0,0,NEW
aa1cd169-af10-4f14-ae1a-73415cc5402a,f6483f49-7190-4ed1-b230-ebf5ab3da486,cust-395,manish.gupta395@gmail.com,Manish Gupta,+917844498927,19,18,1,1830.9,101.72,0,0,AT_RISK
08df7f59-0149-4ca9-b161-305196c2e3cd,f6483f49-7190-4ed1-b230-ebf5ab3da486,cust-396,ananya.gupta396@yahoo.com,Ananya Gupta,+910966652007,18,17,1,1656.39,97.43,0,0,LOYAL
b3a737ff-98cb-4b5c-847a-e7d374ba34f8,f6483f49-7190-4ed1-b230-ebf5ab3da486,cust-397,arjun.desai397@mail.com,Arjun Desai,+914613412499,21,19,2,3164.31,166.54,0,0,LOYAL
1bb1ffe3-fbe3-43b6-b53a-98acd80f4f72,f6483f49-7190-4ed1-b230-ebf5ab3da486,cust-398,priya.mehta398@yahoo.com,Priya Mehta,+917099843424,24,22,2,3260.59,148.21,0,0,LOYAL
d34b2b84-6c39-4a71-ba1b-b43d14d4ff81,f6483f49-7190-4ed1-b230-ebf5ab3da486,cust-399,aditi.mishra399@protonmail.com,Aditi Mishra,+917395567014,17,11,6,2002.3,182.03,1,0,NEW
cefe3360-c576-4492-8f3b-8d63faa60f16,f6483f49-7190-4ed1-b230-ebf5ab3da486,cust-400,pooja.patel400@yahoo.com,Pooja Patel,+915375560233,22,15,7,2288.75,152.58,0,0,LOYAL
aba11d67-aa33-4916-807d-428ebbd52346,f6483f49-7190-4ed1-b230-ebf5ab3da486,cust-401,manish.verma401@protonmail.com,Manish Verma,+911296946051,26,16,10,1383.95,86.5,2,0,LOYAL
489dc63a-6350-4bcb-96ac-d0a97b4f57b8,f6483f49-7190-4ed1-b230-ebf5ab3da486,cust-402,sneha.kulkarni402@yahoo.com,Sneha Kulkarni,+913304888036,17,10,7,888.55,88.86,1,0,LOYAL
1084f79d-1764-40e4-af59-4ad68d566e1c,f6483f49-7190-4ed1-b230-ebf5ab3da486,cust-403,harsh.reddy403@gmail.com,Harsh Reddy,+910760779615,16,14,2,2847.87,203.42,1,0,NEW
e24614d7-c347-4e9c-94c8-c2688a4d39f2,f6483f49-7190-4ed1-b230-ebf5ab3da486,cust-404,aditi.reddy404@outlook.com,Aditi Reddy,+915618174374,26,18,8,3731.8,207.32,6,4,LOYAL
b09193b8-3abe-4d83-90ea-d56aed39355d,f6483f49-7190-4ed1-b230-ebf5ab3da486,cust-405,arun.reddy405@gmail.com,Arun Reddy,+918907044864,26,22,4,5554.79,252.49,1,0,LOYAL
e07569c4-f0de-4bf3-a64a-1e8a2daccfec,f6483f49-7190-4ed1-b230-ebf5ab3da486,cust-406,diya.pillai406@protonmail.com,Diya Pillai,+914460826821,17,13,4,2022.39,155.57,1,0,LOYAL
670166b1-3014-497d-b826-440e41a47bb7,f6483f49-7190-4ed1-b230-ebf5ab3da486,cust-407,aditi.rao407@gmail.com,Aditi Rao,+911056301912,18,14,4,715.24,51.09,1,0,LOYAL
4f2c0736-3491-483b-906f-90a92ea4e5cf,f6483f49-7190-4ed1-b230-ebf5ab3da486,cust-408,deepa.mishra408@mail.com,Deepa Mishra,+917145902330,16,12,4,1419.43,118.29,1,0,AT_RISK
8cbe7a0e-4f5d-4efe-9b8c-3069f281aa39,f6483f49-7190-4ed1-b230-ebf5ab3da486,cust-409,priya.kulkarni409@gmail.com,Priya Kulkarni,+912162556617,25,18,7,1809.04,100.5,1,0,AT_RISK
993afabd-3daf-4002-a29d-86acbf53d93c,f6483f49-7190-4ed1-b230-ebf5ab3da486,cust-410,arun.desai410@gmail.com,Arun Desai,+914699263593,26,20,6,3550.8,177.54,3,2,LOYAL
a08ae4e5-99ae-4135-ac44-cbbb97ad4eae,f6483f49-7190-4ed1-b230-ebf5ab3da486,cust-411,arjun.mishra411@mail.com,Arjun Mishra,+914748822114,18,10,8,1686.67,168.67,1,0,LOYAL
893c5b5a-2305-4708-a08b-e45fdd441bbd,f6483f49-7190-4ed1-b230-ebf5ab3da486,cust-412,lakshmi.kumar412@yahoo.com,Lakshmi Kumar,+917943560227,22,18,4,3004.82,166.93,0,0,LOYAL
73fe0308-cf5d-4db4-9a1c-55c06804f272,f6483f49-7190-4ed1-b230-ebf5ab3da486,cust-413,karan.verma413@mail.com,Karan Verma,+915713359818,22,17,5,3562.95,209.59,1,0,AT_RISK
c2c0c628-b4bd-4295-bab1-f55e0fe4f3fe,f6483f49-7190-4ed1-b230-ebf5ab3da486,cust-414,suresh.bhat414@protonmail.com,Suresh Bhat,+917646853747,21,10,11,1632.39,163.24,7,5,LOYAL
5b914a98-de0c-4bc5-8469-a52d3fd4596e,f6483f49-7190-4ed1-b230-ebf5ab3da486,cust-415,manish.desai415@outlook.com,Manish Desai,+915650539701,22,19,3,3736.47,196.66,0,0,LOYAL
30760fa6-b436-42ae-a50f-f67b65db348b,f6483f49-7190-4ed1-b230-ebf5ab3da486,cust-416,manish.sharma416@outlook.com,Manish Sharma,+919685358773,22,18,4,2976.85,165.38,1,0,NEW
5204ed09-061a-4901-8207-5fbb573c7d08,f6483f49-7190-4ed1-b230-ebf5ab3da486,cust-417,aditi.shah417@protonmail.com,Aditi Shah,+910838351302,18,8,10,2123.17,265.4,7,2,NEW
93abb7db-1d1b-45f9-845b-5fec8e0ffa6f,f6483f49-7190-4ed1-b230-ebf5ab3da486,cust-418,amit.chopra418@mail.com,Amit Chopra,+910451975718,22,20,2,3496.87,174.84,0,0,LOYAL
7e575ff5-738c-42c9-b3e7-a03f499db04d,f6483f49-7190-4ed1-b230-ebf5ab3da486,cust-419,manish.desai419@yahoo.com,Manish Desai,+912038130883,24,18,6,2590.15,143.9,0,0,LOYAL
3f4d0c88-646e-4e1e-bd2b-f02d18c9b764,f6483f49-7190-4ed1-b230-ebf5ab3da486,cust-420,pooja.patel420@gmail.com,Pooja Patel,+915635383123,16,11,5,1826.92,166.08,2,0,LOYAL
7603d6fb-0239-4d7e-9911-75325c567d43,f6483f49-7190-4ed1-b230-ebf5ab3da486,cust-421,rahul.kumar421@outlook.com,Rahul Kumar,+911206523317,18,15,3,2496.83,166.46,2,0,NEW
38939c36-2438-4ae3-a13d-e810e653ce30,f6483f49-7190-4ed1-b230-ebf5ab3da486,cust-422,karan.pillai422@yahoo.com,Karan Pillai,+911385009030,15,13,2,2017.23,155.17,1,0,NEW
40c02daa-6b1c-4fae-8640-f814e01916e4,f6483f49-7190-4ed1-b230-ebf5ab3da486,cust-423,neha.reddy423@mail.com,Neha Reddy,+918664331780,24,20,4,3225.76,161.29,2,0,LOYAL
c0069d77-20b6-4f03-921e-f299be0cd993,f6483f49-7190-4ed1-b230-ebf5ab3da486,cust-424,suresh.chopra424@mail.com,Suresh Chopra,+911894467422,18,13,5,1590.6,122.35,3,0,LOYAL
41b2fa60-42bd-407d-8bbe-5af1854fefe8,f6483f49-7190-4ed1-b230-ebf5ab3da486,cust-425,nisha.mishra425@outlook.com,Nisha Mishra,+919366784043,16,9,7,415.99,46.22,1,0,NEW
80e31a89-deda-4954-9785-f7b37206d4e4,f6483f49-7190-4ed1-b230-ebf5ab3da486,cust-426,rahul.reddy426@outlook.com,Rahul Reddy,+917611873675,17,12,5,1469.67,122.47,2,0,NEW
b654f707-4c62-49de-a3c6-3af5576cfc77,f6483f49-7190-4ed1-b230-ebf5ab3da486,cust-427,neha.pillai427@protonmail.com,Neha Pillai,+912214026495,27,18,9,3227.55,179.31,1,0,NEW
60de5098-3435-46db-a0d1-c8d8650dd1ab,f6483f49-7190-4ed1-b230-ebf5ab3da486,cust-428,kavya.kulkarni428@yahoo.com,Kavya Kulkarni,+911677815304,20,16,4,2569.67,160.6,1,0,LOYAL
5494dafb-16cb-4ed1-a681-7e9a8f510b4e,f6483f49-7190-4ed1-b230-ebf5ab3da486,cust-429,karan.das429@gmail.com,Karan Das,+915658360215,21,14,7,2558.48,182.75,3,0,LOYAL
2a8d0c30-314f-438c-ba21-44ed26784d6a,f6483f49-7190-4ed1-b230-ebf5ab3da486,cust-430,kunal.sharma430@yahoo.com,Kunal Sharma,+916426428276,13,11,2,1581.95,143.81,0,0,NEW
c2a6aca7-a7a0-44f9-9eb3-d54d994580a6,f6483f49-7190-4ed1-b230-ebf5ab3da486,cust-431,suresh.iyer431@outlook.com,Suresh Iyer,+919565880990,24,19,5,1732.64,91.19,1,0,AT_RISK
473a6da7-8959-4193-b207-2a7523b9c744,f6483f49-7190-4ed1-b230-ebf5ab3da486,cust-432,sakshi.rao432@gmail.com,Sakshi Rao,+918827333356,26,22,4,2718.87,123.59,2,0,NEW
02eb98c0-162d-4b0b-b989-b707cef0be93,f6483f49-7190-4ed1-b230-ebf5ab3da486,cust-433,ravi.gupta433@yahoo.com,Ravi Gupta,+915834281061,21,16,5,3183.11,198.94,2,1,LOYAL
2e17ffb3-99d1-4c70-b5d7-41cdf2dd50ab,f6483f49-7190-4ed1-b230-ebf5ab3da486,cust-434,pooja.bhat434@protonmail.com,Pooja Bhat,+919118886964,25,20,5,3493.65,174.68,3,1,LOYAL
46db7510-786e-4b6a-a819-ac13e3fd0e66,f6483f49-7190-4ed1-b230-ebf5ab3da486,cust-435,priya.kulkarni435@protonmail.com,Priya Kulkarni,+913240477295,17,10,7,1274.03,127.4,1,0,NEW
aab4feed-14c5-4d15-8cd5-f2c9394b6f5f,f6483f49-7190-4ed1-b230-ebf5ab3da486,cust-436,aditi.patel436@mail.com,Aditi Patel,+914359075872,20,14,6,3257.53,232.68,2,1,NEW
08147884-ab73-45c2-ac66-0c3a472356d1,f6483f49-7190-4ed1-b230-ebf5ab3da486,cust-437,rohan.singh437@mail.com,Rohan Singh,+918047906730,18,10,8,1975.01,197.5,1,0,LOYAL
f717c0b2-1c69-47e4-af39-a5a19a699a43,f6483f49-7190-4ed1-b230-ebf5ab3da486,cust-438,kavya.kulkarni438@gmail.com,Kavya Kulkarni,+914547497209,16,14,2,562.71,40.19,1,0,LOYAL
053b537e-1cd8-49a2-8242-a055172d692a,f6483f49-7190-4ed1-b230-ebf5ab3da486,cust-439,jaya.verma439@mail.com,Jaya Verma,+912655627041,25,21,4,4201.71,200.08,3,1,LOYAL
524cc5d7-cbe1-45f8-902f-3d43a6b3c497,f6483f49-7190-4ed1-b230-ebf5ab3da486,cust-440,amit.shah440@outlook.com,Amit Shah,+911280115148,19,18,1,3892.89,216.27,0,0,LOYAL
0aeaa2f9-2bbc-403c-8cb1-56318b99184a,f6483f49-7190-4ed1-b230-ebf5ab3da486,cust-441,ishita.mehta441@protonmail.com,Ishita Mehta,+911509958874,16,11,5,1601.91,145.63,2,1,LOYAL
77d9c16b-16d0-41ab-9160-d6087bfd6ef2,f6483f49-7190-4ed1-b230-ebf5ab3da486,cust-442,neha.mehta442@protonmail.com,Neha Mehta,+917158028044,23,20,3,2663.61,133.18,0,0,LOYAL
94ebfb1f-0482-4bdf-91d4-b55067741d0e,f6483f49-7190-4ed1-b230-ebf5ab3da486,cust-443,ravi.kulkarni443@yahoo.com,Ravi Kulkarni,+913741809469,22,15,7,2915.63,194.38,5,3,LOYAL
a37cb872-9e61-4a1c-8347-dbc5858a9a61,f6483f49-7190-4ed1-b230-ebf5ab3da486,cust-444,deepa.patel444@gmail.com,Deepa Patel,+919694983206,22,19,3,2116.06,111.37,1,0,LOYAL
168c3d30-4025-4ae1-a824-38fb9fd11d93,f6483f49-7190-4ed1-b230-ebf5ab3da486,cust-445,neha.chopra445@yahoo.com,Neha Chopra,+917513615680,25,20,5,3515.29,175.76,2,1,NEW
e33b8d10-0c42-4ecc-9d3e-1129d96c34dc,f6483f49-7190-4ed1-b230-ebf5ab3da486,cust-446,ananya.desai446@gmail.com,Ananya Desai,+916372060582,16,9,7,1433.89,159.32,2,1,LOYAL
848b58d9-f6b8-47f0-97ea-56b86eca9ad9,f6483f49-7190-4ed1-b230-ebf5ab3da486,cust-447,vikram.kumar447@gmail.com,Vikram Kumar,+910637681112,28,20,8,5015.28,250.76,1,0,LOYAL
83b20dac-d6c0-4a50-9823-fd554b41369d,f6483f49-7190-4ed1-b230-ebf5ab3da486,cust-448,deepa.singh448@protonmail.com,Deepa Singh,+919249731073,28,23,5,2242.9,97.52,2,1,LOYAL
a94f9435-d394-4c75-b22c-540e57173ca4,f6483f49-7190-4ed1-b230-ebf5ab3da486,cust-449,kavya.patel449@outlook.com,Kavya Patel,+919244961417,18,16,2,3938.76,246.17,0,0,LOYAL
ebd7925a-1d78-4afe-8c52-68a91174e607,f6483f49-7190-4ed1-b230-ebf5ab3da486,cust-450,diya.mishra450@gmail.com,Diya Mishra,+919710524816,18,17,1,2574.19,151.42,0,0,LOYAL
a64493b5-6830-4785-9a70-da827c6f4575,f6483f49-7190-4ed1-b230-ebf5ab3da486,cust-451,suresh.patel451@protonmail.com,Suresh Patel,+912795594487,28,24,4,3621.62,150.9,2,0,LOYAL
7f217265-9192-4f77-a3c3-6f72770d2ad7,f6483f49-7190-4ed1-b230-ebf5ab3da486,cust-452,lakshmi.singh452@mail.com,Lakshmi Singh,+912367159330,19,16,3,2906.66,181.67,1,0,NEW
b5bfebe2-3d60-49e1-b6c9-659bc217e583,f6483f49-7190-4ed1-b230-ebf5ab3da486,cust-453,arun.singh453@outlook.com,Arun Singh,+915904761031,21,18,3,2234.08,124.12,1,0,LOYAL
95b48bc5-7dd1-4aaf-b785-7ab0e31cabab,f6483f49-7190-4ed1-b230-ebf5ab3da486,cust-454,harsh.das454@gmail.com,Harsh Das,+916306711754,18,16,2,2192.16,137.01,1,0,AT_RISK
9ad908f4-e8d9-41a0-ac36-551e6e586378,f6483f49-7190-4ed1-b230-ebf5ab3da486,cust-455,amit.kulkarni455@outlook.com,Amit Kulkarni,+914989033742,21,20,1,2190.62,109.53,0,0,NEW
3620729e-5cad-47be-9575-edfca6a8cc6a,f6483f49-7190-4ed1-b230-ebf5ab3da486,cust-456,arun.desai456@protonmail.com,Arun Desai,+919857207409,20,19,1,3134.67,164.98,0,0,LOYAL
79886d41-9b9d-479c-85ed-917ba274f613,f6483f49-7190-4ed1-b230-ebf5ab3da486,cust-457,vikram.patel457@yahoo.com,Vikram Patel,+917110374158,13,9,4,1557.12,173.01,2,0,LOYAL
737cc95c-10d7-4f79-84a4-e0caa80c0b94,f6483f49-7190-4ed1-b230-ebf5ab3da486,cust-458,ananya.kumar458@protonmail.com,Ananya Kumar,+915602387416,24,17,7,2787.38,163.96,1,0,LOYAL
8f336aeb-0094-4ff1-8aac-5cbc06713404,f6483f49-7190-4ed1-b230-ebf5ab3da486,cust-459,sakshi.gupta459@outlook.com,Sakshi Gupta,+918775311465,27,15,12,1096.81,73.12,6,1,LOYAL
21b943ab-15c7-4923-b444-1658442b310d,f6483f49-7190-4ed1-b230-ebf5ab3da486,cust-460,rahul.mehta460@mail.com,Rahul Mehta,+910086704010,20,17,3,2290.22,134.72,1,0,LOYAL
5a304310-e81a-4509-98b5-a6b7c5c9d7aa,f6483f49-7190-4ed1-b230-ebf5ab3da486,cust-461,arun.pillai461@outlook.com,Arun Pillai,+914876265496,19,16,3,1521.1,95.07,2,0,LOYAL
e4e6e61e-150b-41db-bb96-f2a9554bdc8e,f6483f49-7190-4ed1-b230-ebf5ab3da486,cust-462,aditi.mishra462@yahoo.com,Aditi Mishra,+917608345199,23,19,4,2289.6,120.51,0,0,LOYAL
9cebb920-1142-418a-bc17-7e7048358e4b,f6483f49-7190-4ed1-b230-ebf5ab3da486,cust-463,vikram.rao463@mail.com,Vikram Rao,+915462011894,22,17,5,2379.7,139.98,3,1,LOYAL
826dbb0a-a174-435b-8456-021b5b852a94,f6483f49-7190-4ed1-b230-ebf5ab3da486,cust-464,dev.patel464@gmail.com,Dev Patel,+916243870791,24,15,9,1970.49,131.37,1,0,LOYAL
a84895bd-3957-4be7-bdcd-80125a2737a5,f6483f49-7190-4ed1-b230-ebf5ab3da486,cust-465,lakshmi.sharma465@protonmail.com,Lakshmi Sharma,+915024547821,15,12,3,1984.61,165.38,1,0,LOYAL
6474aaa3-0f89-4e61-b5ec-440b5e68fed6,f6483f49-7190-4ed1-b230-ebf5ab3da486,cust-466,gaurav.kumar466@yahoo.com,Gaurav Kumar,+917832448194,19,11,8,2349.54,213.59,2,1,LOYAL
d3a619f7-26a1-4ff9-b935-2f72212626a4,f6483f49-7190-4ed1-b230-ebf5ab3da486,cust-467,neha.rao467@yahoo.com,Neha Rao,+914132305214,20,13,7,962.71,74.05,2,1,LOYAL
778836cd-6dbc-4bda-ab36-083c32a64dc2,f6483f49-7190-4ed1-b230-ebf5ab3da486,cust-468,priya.reddy468@outlook.com,Priya Reddy,+912217995524,20,8,12,1113.15,139.14,8,4,NEW
6994c84f-9906-4e17-9e98-2b73d4b654d9,f6483f49-7190-4ed1-b230-ebf5ab3da486,cust-469,rohan.bhat469@yahoo.com,Rohan Bhat,+915827723585,17,11,6,2192.51,199.32,2,0,NEW
86931257-deed-4881-ba8a-7fb26d1f8633,f6483f49-7190-4ed1-b230-ebf5ab3da486,cust-470,arjun.pillai470@gmail.com,Arjun Pillai,+914097543860,18,14,4,2314.89,165.35,2,1,LOYAL
b1b22726-a84d-43d7-87bb-625658636793,f6483f49-7190-4ed1-b230-ebf5ab3da486,cust-471,ravi.mehta471@gmail.com,Ravi Mehta,+915079126043,13,10,3,1260.62,126.06,1,0,LOYAL
af3973fe-ebd2-43ff-bc4f-deaf7b8f3feb,f6483f49-7190-4ed1-b230-ebf5ab3da486,cust-472,harsh.chopra472@mail.com,Harsh Chopra,+917047847346,27,23,4,4711.9,204.87,2,1,LOYAL
5e10cc7f-2921-4ff2-a893-3570d47b3773,f6483f49-7190-4ed1-b230-ebf5ab3da486,cust-473,nisha.singh473@protonmail.com,Nisha Singh,+918304295770,19,12,7,1145.87,95.49,2,0,AT_RISK
86ab7c89-3d56-4504-b2c2-0a22c682e515,f6483f49-7190-4ed1-b230-ebf5ab3da486,cust-474,pooja.nair474@gmail.com,Pooja Nair,+915930340367,11,10,1,1371.83,137.18,0,0,LOYAL
e7335fda-8c0c-45a4-a77c-4f2c94570ffb,f6483f49-7190-4ed1-b230-ebf5ab3da486,cust-475,sakshi.joshi475@yahoo.com,Sakshi Joshi,+919214959272,21,16,5,2846.67,177.92,1,0,LOYAL
e79ddc7a-9c61-47d3-96eb-902dbe26b694,f6483f49-7190-4ed1-b230-ebf5ab3da486,cust-476,meera.shah476@mail.com,Meera Shah,+916203451765,17,8,9,1197.78,149.72,4,1,LOYAL
771a3864-4335-47e8-95aa-b8d450400aa0,f6483f49-7190-4ed1-b230-ebf5ab3da486,cust-477,karan.chopra477@mail.com,Karan Chopra,+913669818031,23,22,1,4791.13,217.78,0,0,LOYAL
5856c1ce-20e7-4144-9960-093fd4f3f113,f6483f49-7190-4ed1-b230-ebf5ab3da486,cust-478,amit.kumar478@yahoo.com,Amit Kumar,+912648562951,19,16,3,1928.09,120.51,0,0,LOYAL
cd4076a4-10dd-4a69-8ff3-9ddf624df79c,f6483f49-7190-4ed1-b230-ebf5ab3da486,cust-479,meera.iyer479@protonmail.com,Meera Iyer,+917010885356,20,14,6,2247.47,160.53,2,1,LOYAL
33a30082-6305-4be5-86b8-6018152d3571,f6483f49-7190-4ed1-b230-ebf5ab3da486,cust-480,lakshmi.nair480@protonmail.com,Lakshmi Nair,+915684317124,23,20,3,3759.51,187.98,2,1,LOYAL
8a4d6f8c-7c59-45e6-9c70-45faedb4e7de,f6483f49-7190-4ed1-b230-ebf5ab3da486,cust-481,karan.patel481@yahoo.com,Karan Patel,+913419729866,20,16,4,1981.01,123.81,1,0,LOYAL
d46744f9-823b-4ebb-8467-f11fad91c827,f6483f49-7190-4ed1-b230-ebf5ab3da486,cust-482,arjun.reddy482@yahoo.com,Arjun Reddy,+911954327691,15,11,4,2287.66,207.97,2,0,LOYAL
78a4cd9b-6901-4252-b5f8-0a531b6e57ea,f6483f49-7190-4ed1-b230-ebf5ab3da486,cust-483,rahul.kulkarni483@yahoo.com,Rahul Kulkarni,+915109799195,11,8,3,1027.88,128.48,2,1,LOYAL
d2db4588-0408-4273-b2fe-85e04af9f9fc,f6483f49-7190-4ed1-b230-ebf5ab3da486,cust-484,rohan.nair484@outlook.com,Rohan Nair,+914299515946,12,11,1,1108.44,100.77,0,0,LOYAL
b68f9100-3603-4e5b-bdb7-7e3dbd6e403b,f6483f49-7190-4ed1-b230-ebf5ab3da486,cust-485,jaya.bhat485@gmail.com,Jaya Bhat,+911534840065,16,13,3,2425.77,186.6,0,0,LOYAL
3f9a80c4-ced3-4fd9-914d-dfbc6a6a1435,f6483f49-7190-4ed1-b230-ebf5ab3da486,cust-486,gaurav.shah486@yahoo.com,Gaurav Shah,+910546051369,25,14,11,2086.09,149.01,3,2,LOYAL
f851e22a-4e25-4c15-abf5-9d23026ed6c9,f6483f49-7190-4ed1-b230-ebf5ab3da486,cust-487,suresh.rao487@protonmail.com,Suresh Rao,+911833239807,17,10,7,1299.1,129.91,5,1,LOYAL
bdb23f13-4112-4656-b789-86c575fbbef5,f6483f49-7190-4ed1-b230-ebf5ab3da486,cust-488,rahul.iyer488@protonmail.com,Rahul Iyer,+912894815024,21,18,3,842.94,46.83,1,0,LOYAL
1d19488a-c865-44eb-8dc5-3e09dad6f895,f6483f49-7190-4ed1-b230-ebf5ab3da486,cust-489,nisha.desai489@outlook.com,Nisha Desai,+910970494577,22,17,5,1205.15,70.89,1,0,LOYAL
8ca888c9-1718-4f7e-b2a0-c998646c501b,f6483f49-7190-4ed1-b230-ebf5ab3da486,cust-490,arjun.joshi490@yahoo.com,Arjun Joshi,+918248354727,17,12,5,2154.87,179.57,0,0,AT_RISK
9e5d5183-8c96-428a-81c2-ed71d73bb84e,f6483f49-7190-4ed1-b230-ebf5ab3da486,cust-491,arjun.shah491@outlook.com,Arjun Shah,+919846844621,21,18,3,2729.17,151.62,0,0,LOYAL
b78d9ed0-0520-4b00-af52-f665ae231522,f6483f49-7190-4ed1-b230-ebf5ab3da486,cust-492,ishita.bhat492@gmail.com,Ishita Bhat,+915344269837,21,16,5,502.67,31.42,0,0,AT_RISK
d0a7d550-ee87-4274-bd7f-dbec6d0c813a,f6483f49-7190-4ed1-b230-ebf5ab3da486,cust-493,aarav.shah493@yahoo.com,Aarav Shah,+915146303690,25,23,2,2984.98,129.78,0,0,LOYAL
7814d0a4-6a99-47f8-80cf-6917509a473d,f6483f49-7190-4ed1-b230-ebf5ab3da486,cust-494,karan.desai494@gmail.com,Karan Desai,+915710758863,25,22,3,2309.26,104.97,2,0,LOYAL
4187d7aa-50f7-4b8c-8bbf-26e2ab202e4e,f6483f49-7190-4ed1-b230-ebf5ab3da486,cust-495,deepa.rao495@gmail.com,Deepa Rao,+915311274912,22,17,5,3269.85,192.34,1,0,LOYAL
6c3faaa6-dd1a-4dd1-adcc-4bd3ec2ffc9b,f6483f49-7190-4ed1-b230-ebf5ab3da486,cust-496,rohan.mehta496@yahoo.com,Rohan Mehta,+917569877849,19,13,6,682.78,52.52,4,1,LOYAL
e12e2254-a52c-4e7f-a562-28566167f94e,f6483f49-7190-4ed1-b230-ebf5ab3da486,cust-497,ananya.gupta497@gmail.com,Ananya Gupta,+914338857370,18,14,4,2345.26,167.52,0,0,AT_RISK
d6050aa7-2368-49a4-93d2-cdf0929e29ff,f6483f49-7190-4ed1-b230-ebf5ab3da486,cust-498,manish.kumar498@yahoo.com,Manish Kumar,+911663294710,26,19,7,2316.52,121.92,1,0,AT_RISK
0d2abe9c-ac7a-4d60-a850-7fcc1ec44a53,f6483f49-7190-4ed1-b230-ebf5ab3da486,cust-499,ravi.iyer499@gmail.com,Ravi Iyer,+911065490300,26,18,8,3196.7,177.59,1,0,LOYAL
12f957f8-0a8b-4c90-af92-448fea5d7e58,f6483f49-7190-4ed1-b230-ebf5ab3da486,cust-500,ananya.mishra500@yahoo.com,Ananya Mishra,+915260172538,18,14,4,3147.7,224.84,0,0,NEW
2563db9f-aedd-499b-b7d6-c163cfeea678,f6483f49-7190-4ed1-b230-ebf5ab3da486,cust-501,kunal.mishra501@yahoo.com,Kunal Mishra,+915087579170,21,17,4,1231.21,72.42,0,0,LOYAL
6bac6188-c10b-4625-99e9-ca7d055c8430,f6483f49-7190-4ed1-b230-ebf5ab3da486,cust-502,jaya.kumar502@yahoo.com,Jaya Kumar,+919846161894,21,18,3,1659.23,92.18,0,0,AT_RISK
b4690b7f-156e-4465-a7b8-4b3f645bcb93,f6483f49-7190-4ed1-b230-ebf5ab3da486,cust-503,rohan.mehta503@protonmail.com,Rohan Mehta,+911911177503,15,10,5,1922.9,192.29,0,0,AT_RISK
f76acbca-5cc8-420d-858f-d0809eb0ac9c,f6483f49-7190-4ed1-b230-ebf5ab3da486,cust-504,ananya.das504@outlook.com,Ananya Das,+914768249488,17,16,1,2628.64,164.29,0,0,LOYAL
476989d0-e567-46fc-ae28-5c0ec43189a8,f6483f49-7190-4ed1-b230-ebf5ab3da486,cust-505,lakshmi.bhat505@outlook.com,Lakshmi Bhat,+911941460145,27,24,3,4074.51,169.77,0,0,LOYAL
ad3b590f-5467-49f2-88b9-16bed7eaf3f4,f6483f49-7190-4ed1-b230-ebf5ab3da486,cust-506,ananya.reddy506@gmail.com,Ananya Reddy,+913128424477,21,19,2,1939.16,102.06,0,0,AT_RISK
5349a432-e2fd-46eb-b222-f038122f6021,f6483f49-7190-4ed1-b230-ebf5ab3da486,cust-507,sneha.shah507@protonmail.com,Sneha Shah,+913699514142,17,10,7,1632.81,163.28,5,2,AT_RISK
f4a1d64b-d43e-4069-9ace-2b8b4d8b0231,f6483f49-7190-4ed1-b230-ebf5ab3da486,cust-508,arjun.sharma508@gmail.com,Arjun Sharma,+917840163367,22,19,3,2680.98,141.1,1,0,NEW
e1ed4142-86ba-4b9e-8210-78f477968e5d,f6483f49-7190-4ed1-b230-ebf5ab3da486,cust-509,deepa.desai509@protonmail.com,Deepa Desai,+917264238590,22,18,4,3666.9,203.72,1,0,LOYAL
fb95b288-a981-4bbe-b2e0-5975ece0f352,f6483f49-7190-4ed1-b230-ebf5ab3da486,cust-510,priya.kumar510@protonmail.com,Priya Kumar,+914840167814,22,19,3,3325.79,175.04,1,0,AT_RISK
4648a482-50bb-4753-af56-e0e2161c2cb8,f6483f49-7190-4ed1-b230-ebf5ab3da486,cust-511,karan.das511@protonmail.com,Karan Das,+917545545102,23,16,7,2157.32,134.83,2,1,LOYAL
b824672e-9206-493e-8a14-a9240f5e25fd,f6483f49-7190-4ed1-b230-ebf5ab3da486,cust-512,sneha.das512@mail.com,Sneha Das,+916720513857,19,14,5,2387.39,170.53,2,1,LOYAL
7941d418-8acf-4695-89a4-3a5497fbb1be,f6483f49-7190-4ed1-b230-ebf5ab3da486,cust-513,arun.nair513@protonmail.com,Arun Nair,+910333626590,23,20,3,3360.16,168.01,0,0,LOYAL
e430522c-3c5d-42f2-9687-6171f6fe9ee7,f6483f49-7190-4ed1-b230-ebf5ab3da486,cust-514,karan.kumar514@outlook.com,Karan Kumar,+911506454040,21,19,2,3659.85,192.62,1,0,LOYAL
bcf37a8f-75c8-45e3-91e0-6c93172d95ae,f6483f49-7190-4ed1-b230-ebf5ab3da486,cust-515,kavya.das515@mail.com,Kavya Das,+913581635736,24,19,5,2565.78,135.04,3,1,NEW
c22f455b-fd9e-478e-95da-52c5a1714966,f6483f49-7190-4ed1-b230-ebf5ab3da486,cust-516,meera.iyer516@yahoo.com,Meera Iyer,+914878520942,22,14,8,2246.63,160.47,6,3,AT_RISK
0316b630-c5a4-4f65-8284-cc06923cdf07,f6483f49-7190-4ed1-b230-ebf5ab3da486,cust-517,jaya.singh517@mail.com,Jaya Singh,+910308427638,19,15,4,1440.12,96.01,0,0,LOYAL
54bd5241-c31e-4c56-9f82-a6492340d518,f6483f49-7190-4ed1-b230-ebf5ab3da486,cust-518,priya.kulkarni518@outlook.com,Priya Kulkarni,+912464710785,25,17,8,3939.81,231.75,3,0,NEW
0d024a21-d6a1-408a-8d1b-eaa5646c21dd,f6483f49-7190-4ed1-b230-ebf5ab3da486,cust-519,diya.chopra519@outlook.com,Diya Chopra,+919567456531,16,13,3,637.05,49.0,2,1,AT_RISK
48e78ba7-73e3-464a-bfc2-688e48e1d775,f6483f49-7190-4ed1-b230-ebf5ab3da486,cust-520,arjun.verma520@protonmail.com,Arjun Verma,+914896822162,19,16,3,2386.71,149.17,1,0,LOYAL
05a6be92-5c13-4b3f-bf3e-8b06ce592448,f6483f49-7190-4ed1-b230-ebf5ab3da486,cust-521,gaurav.kumar521@yahoo.com,Gaurav Kumar,+911284546011,16,14,2,1586.92,113.35,1,0,LOYAL
59852758-0589-4d0c-9340-5ff566b74a6c,f6483f49-7190-4ed1-b230-ebf5ab3da486,cust-522,ishita.shah522@mail.com,Ishita Shah,+911894080689,26,25,1,250.0,10.0,0,0,LOYAL
0cb5c7d9-71ec-4a1a-9e3d-e8797d3d23e2,f6483f49-7190-4ed1-b230-ebf5ab3da486,cust-523,priya.rao523@gmail.com,Priya Rao,+913882551657,23,16,7,2201.11,137.57,5,2,LOYAL
035438d4-d3bd-48db-8a56-36068486bc1a,f6483f49-7190-4ed1-b230-ebf5ab3da486,cust-524,rohan.shah524@protonmail.com,Rohan Shah,+918218353724,21,17,4,1868.06,109.89,2,0,NEW
ad2c6d83-76b6-4339-98d2-589024932d8c,f6483f49-7190-4ed1-b230-ebf5ab3da486,cust-525,arjun.kumar525@yahoo.com,Arjun Kumar,+912248056154,19,10,9,1826.15,182.62,1,0,NEW
3a183a10-64af-4657-8638-ec21ef23b38a,f6483f49-7190-4ed1-b230-ebf5ab3da486,cust-526,gaurav.shah526@yahoo.com,Gaurav Shah,+913780968696,22,13,9,2668.79,205.29,6,1,LOYAL
53fc6446-e66f-4639-ad7c-b28c40d1f788,f6483f49-7190-4ed1-b230-ebf5ab3da486,cust-527,lakshmi.mehta527@outlook.com,Lakshmi Mehta,+915393818839,18,11,7,856.02,77.82,0,0,AT_RISK
41a79078-a0bf-4d41-82f2-c24cd4664627,f6483f49-7190-4ed1-b230-ebf5ab3da486,cust-528,neha.shah528@outlook.com,Neha Shah,+910822896874,18,11,7,1939.79,176.34,1,0,LOYAL
67f14e8c-bf98-4f74-9494-9cef9cc0b8d5,f6483f49-7190-4ed1-b230-ebf5ab3da486,cust-529,aditi.shah529@gmail.com,Aditi Shah,+918944878886,17,13,4,2864.51,220.35,1,0,AT_RISK
f0258941-5a24-41f3-a663-0dcb04d4c17a,f6483f49-7190-4ed1-b230-ebf5ab3da486,cust-530,rohan.singh530@outlook.com,Rohan Singh,+914753676146,13,11,2,1975.89,179.63,1,0,AT_RISK
064c9644-e9b7-4df0-98ca-92d41c08b4c0,f6483f49-7190-4ed1-b230-ebf5ab3da486,cust-531,aarav.das531@yahoo.com,Aarav Das,+916301598786,10,8,2,1489.13,186.14,1,0,NEW
c6d2875f-c15d-46e9-a08e-7a8e379abea8,f6483f49-7190-4ed1-b230-ebf5ab3da486,cust-532,lakshmi.nair532@protonmail.com,Lakshmi Nair,+914726871418,20,16,4,2009.22,125.58,2,1,NEW
6f32d646-2123-44db-9239-bdda0d0e0332,f6483f49-7190-4ed1-b230-ebf5ab3da486,cust-533,manish.pillai533@yahoo.com,Manish Pillai,+910056204280,22,15,7,1656.84,110.46,3,1,AT_RISK
50fb503c-0f05-4705-9cb4-00dee508c34e,f6483f49-7190-4ed1-b230-ebf5ab3da486,cust-534,vikram.iyer534@mail.com,Vikram Iyer,+912039174946,20,16,4,1531.1,95.69,0,0,AT_RISK
cf88fa3d-31fe-4581-8cac-cf7614dbe7f2,f6483f49-7190-4ed1-b230-ebf5ab3da486,cust-535,ananya.mehta535@yahoo.com,Ananya Mehta,+911872418692,26,22,4,2711.77,123.26,2,0,LOYAL
b5bd4f0a-0983-466a-af5a-c2e94c42c545,f6483f49-7190-4ed1-b230-ebf5ab3da486,cust-536,deepa.joshi536@protonmail.com,Deepa Joshi,+911709242560,16,12,4,2030.52,169.21,2,1,NEW
1d00f621-ebbd-45e3-982a-d3dff2a2d872,f6483f49-7190-4ed1-b230-ebf5ab3da486,cust-537,ravi.gupta537@outlook.com,Ravi Gupta,+919323450509,19,14,5,2551.91,182.28,2,0,AT_RISK
c5a7bb32-ab5a-45f8-be60-f874070e2fe2,f6483f49-7190-4ed1-b230-ebf5ab3da486,cust-538,ravi.rao538@mail.com,Ravi Rao,+919957026333,20,15,5,2468.67,164.58,1,0,LOYAL
b970fe1d-98ef-46a8-aa5a-0be671b49fff,f6483f49-7190-4ed1-b230-ebf5ab3da486,cust-539,pooja.kulkarni539@gmail.com,Pooja Kulkarni,+915259813511,16,11,5,1586.95,144.27,1,0,LOYAL
51d21672-625b-4c9e-8d8b-350209b59d8b,f6483f49-7190-4ed1-b230-ebf5ab3da486,cust-540,aditi.gupta540@protonmail.com,Aditi Gupta,+918879286723,21,16,5,2354.08,147.13,1,0,LOYAL
34f6a165-0fbd-4fe4-89f3-48d44da36023,f6483f49-7190-4ed1-b230-ebf5ab3da486,cust-541,pooja.reddy541@outlook.com,Pooja Reddy,+917495964101,24,21,3,3842.42,182.97,0,0,NEW
40a933a0-f22a-4811-801a-1bfb35ae7bee,f6483f49-7190-4ed1-b230-ebf5ab3da486,cust-542,ravi.shah542@yahoo.com,Ravi Shah,+917499037448,26,17,9,2312.42,136.02,2,1,NEW
bbdc7298-4803-47de-9248-cc3258f02106,f6483f49-7190-4ed1-b230-ebf5ab3da486,cust-543,nisha.gupta543@gmail.com,Nisha Gupta,+913228785629,28,26,2,5029.4,193.44,0,0,NEW
5d89b061-af16-4ecd-bfe1-681bcf2ca7ed,f6483f49-7190-4ed1-b230-ebf5ab3da486,cust-544,aarav.desai544@mail.com,Aarav Desai,+911924032913,24,19,5,2129.17,112.06,3,1,NEW
399b85dc-1bd1-481d-9695-10de096e4463,f6483f49-7190-4ed1-b230-ebf5ab3da486,cust-545,suresh.kumar545@outlook.com,Suresh Kumar,+911086495096,19,15,4,1828.62,121.91,1,0,LOYAL
c2e08470-5131-4c6b-af4d-c20379fced54,f6483f49-7190-4ed1-b230-ebf5ab3da486,cust-546,rahul.nair546@mail.com,Rahul Nair,+911882775602,29,21,8,4146.25,197.44,5,1,LOYAL
f37d4ed2-33bd-4ca6-a496-030706405c3a,f6483f49-7190-4ed1-b230-ebf5ab3da486,cust-547,gaurav.das547@gmail.com,Gaurav Das,+910234691287,16,12,4,1486.72,123.89,2,1,LOYAL
6a86c74f-22a1-4658-b071-e3999b773c95,f6483f49-7190-4ed1-b230-ebf5ab3da486,cust-548,suresh.verma548@mail.com,Suresh Verma,+911685484547,21,18,3,2086.76,115.93,0,0,LOYAL
5d6ee19d-82b7-4ca1-9892-f68814fb9116,f6483f49-7190-4ed1-b230-ebf5ab3da486,cust-549,lakshmi.rao549@mail.com,Lakshmi Rao,+911605966795,22,20,2,3475.37,173.77,1,0,NEW
dc870a96-64ed-4d36-9256-c691faac83e6,f6483f49-7190-4ed1-b230-ebf5ab3da486,cust-550,arun.desai550@gmail.com,Arun Desai,+912494119852,23,17,6,1851.24,108.9,2,0,LOYAL
f2f03843-6595-4da5-bae1-5ec21ed424a5,f6483f49-7190-4ed1-b230-ebf5ab3da486,cust-551,aditi.kulkarni551@gmail.com,Aditi Kulkarni,+919554478357,14,8,6,1441.52,180.19,2,0,NEW
ad772e63-2b49-4526-8b1d-25ba38d0077d,f6483f49-7190-4ed1-b230-ebf5ab3da486,cust-552,aarav.kumar552@protonmail.com,Aarav Kumar,+911130825466,24,22,2,2729.92,124.09,1,0,LOYAL
90f77840-7222-40c8-a6ad-d366f28d515b,f6483f49-7190-4ed1-b230-ebf5ab3da486,cust-553,ishita.nair553@yahoo.com,Ishita Nair,+912092640306,15,11,4,2361.01,214.64,2,1,NEW
191a99e0-f05f-4f83-8354-abd67b1ecfde,f6483f49-7190-4ed1-b230-ebf5ab3da486,cust-554,rahul.das554@mail.com,Rahul Das,+917386696801,21,14,7,1786.02,127.57,2,0,LOYAL
5ccad523-800b-4c8c-abc1-b8624e8b008d,f6483f49-7190-4ed1-b230-ebf5ab3da486,cust-555,diya.kumar555@gmail.com,Diya Kumar,+916104128850,21,18,3,3189.05,177.17,2,0,AT_RISK
96d7de7b-3a01-45e6-91db-de7cf45997c9,f6483f49-7190-4ed1-b230-ebf5ab3da486,cust-556,kunal.chopra556@yahoo.com,Kunal Chopra,+914011794852,25,24,1,3699.4,154.14,0,0,LOYAL
a798894c-21be-49c7-b767-3e2896dd2cdd,f6483f49-7190-4ed1-b230-ebf5ab3da486,cust-557,sneha.das557@gmail.com,Sneha Das,+913184445790,18,13,5,2764.54,212.66,2,0,LOYAL
20501ac5-f8d1-4a84-b1a8-033057952d26,f6483f49-7190-4ed1-b230-ebf5ab3da486,cust-558,neha.bhat558@mail.com,Neha Bhat,+915668475430,26,19,7,2732.82,143.83,4,3,LOYAL
fc12081d-bca0-493a-9a56-dba2b1d3d53f,f6483f49-7190-4ed1-b230-ebf5ab3da486,cust-559,pooja.iyer559@protonmail.com,Pooja Iyer,+911664417445,17,11,6,1605.42,145.95,2,0,LOYAL
d7d735e7-2ba6-4dd1-80c5-db33d4b41f0f,f6483f49-7190-4ed1-b230-ebf5ab3da486,cust-560,sneha.nair560@mail.com,Sneha Nair,+918748734963,20,19,1,3122.44,164.34,0,0,LOYAL
93a5ce0d-4723-423d-87c8-aa8b681fe3d3,f6483f49-7190-4ed1-b230-ebf5ab3da486,cust-561,ravi.reddy561@mail.com,Ravi Reddy,+912604114794,20,16,4,2853.42,178.34,0,0,LOYAL
f84b2ff2-484d-46aa-990c-8550c0a6c2c4,f6483f49-7190-4ed1-b230-ebf5ab3da486,cust-562,gaurav.joshi562@mail.com,Gaurav Joshi,+910083188004,20,18,2,1083.92,60.22,0,0,LOYAL
4c191a96-0872-4197-a67f-85860a8cc329,f6483f49-7190-4ed1-b230-ebf5ab3da486,cust-563,vikram.mehta563@gmail.com,Vikram Mehta,+915497775888,25,14,11,2613.48,186.68,5,1,LOYAL
284a4a01-7133-4347-bd55-fe07f2ceece6,f6483f49-7190-4ed1-b230-ebf5ab3da486,cust-564,vikram.kumar564@gmail.com,Vikram Kumar,+919448116798,20,15,5,2110.56,140.7,2,1,LOYAL
a3efb4f9-b922-4c73-9cee-dcbb965720b8,f6483f49-7190-4ed1-b230-ebf5ab3da486,cust-565,aditi.desai565@gmail.com,Aditi Desai,+911123777481,15,13,2,2765.32,212.72,1,0,NEW
320b939e-ddd6-407f-963c-8bb106a15133,f6483f49-7190-4ed1-b230-ebf5ab3da486,cust-566,meera.nair566@yahoo.com,Meera Nair,+911297084212,23,13,10,3370.31,259.25,4,2,LOYAL
9630bfff-9db7-4a94-960b-09e65d5121b1,f6483f49-7190-4ed1-b230-ebf5ab3da486,cust-567,harsh.iyer567@outlook.com,Harsh Iyer,+916275714989,21,13,8,2646.2,203.55,2,1,LOYAL
1474033e-5bf3-4879-bcd9-11bd32620e76,f6483f49-7190-4ed1-b230-ebf5ab3da486,cust-568,rohan.rao568@gmail.com,Rohan Rao,+914775034743,19,15,4,1337.56,89.17,1,0,NEW
cc1c38c6-38ac-4f8c-a290-3e896ea4c4c7,f6483f49-7190-4ed1-b230-ebf5ab3da486,cust-569,aditi.gupta569@mail.com,Aditi Gupta,+910676524653,18,14,4,1161.25,82.95,2,1,LOYAL
a7ad192c-5824-4168-9cc0-4ca036a757be,f6483f49-7190-4ed1-b230-ebf5ab3da486,cust-570,jaya.nair570@outlook.com,Jaya Nair,+910259742576,11,8,3,1443.81,180.48,1,0,AT_RISK
f7cd35af-a74f-472b-b3de-de3a51fdb318,f6483f49-7190-4ed1-b230-ebf5ab3da486,cust-571,harsh.rao571@protonmail.com,Harsh Rao,+917805378552,20,17,3,2665.54,156.8,1,0,NEW
b96f7c20-b14f-4315-9a5e-72c59a03d392,f6483f49-7190-4ed1-b230-ebf5ab3da486,cust-572,rohan.kulkarni572@outlook.com,Rohan Kulkarni,+915710752779,23,14,9,2159.16,154.23,6,5,LOYAL
e4fb8913-b2df-4bd5-8503-c47cb28c2832,f6483f49-7190-4ed1-b230-ebf5ab3da486,cust-573,ananya.patel573@outlook.com,Ananya Patel,+912517945032,15,11,4,1459.74,132.7,2,1,LOYAL
b453833a-f4fe-4fa0-8ba6-93e530094114,f6483f49-7190-4ed1-b230-ebf5ab3da486,cust-574,jaya.pillai574@mail.com,Jaya Pillai,+917968226851,25,19,6,3827.33,201.44,3,2,LOYAL
fb67002c-b4b1-4296-8410-99d659d0a74d,f6483f49-7190-4ed1-b230-ebf5ab3da486,cust-575,neha.desai575@yahoo.com,Neha Desai,+911517414404,28,26,2,4005.41,154.05,0,0,NEW
669f41c9-7f58-4ec7-aad3-6e3d735a596b,f6483f49-7190-4ed1-b230-ebf5ab3da486,cust-576,arjun.bhat576@yahoo.com,Arjun Bhat,+914355532444,15,11,4,779.66,70.88,1,0,AT_RISK
fab8ab2c-a7a1-4a85-b8db-da71a16e22f4,f6483f49-7190-4ed1-b230-ebf5ab3da486,cust-577,suresh.bhat577@protonmail.com,Suresh Bhat,+918117178124,14,11,3,1274.0,115.82,0,0,NEW
04e691a5-3656-453f-8462-6d6666ba52d2,f6483f49-7190-4ed1-b230-ebf5ab3da486,cust-578,jaya.reddy578@mail.com,Jaya Reddy,+913964150139,25,19,6,3305.53,173.98,4,1,LOYAL
4db53bea-3522-4460-98ae-bae9046207b8,f6483f49-7190-4ed1-b230-ebf5ab3da486,cust-579,karan.verma579@protonmail.com,Karan Verma,+910174932170,16,11,5,1425.9,129.63,3,2,NEW
ba6e1c69-f03a-4a0f-a871-3ec2861e78a6,f6483f49-7190-4ed1-b230-ebf5ab3da486,cust-580,sakshi.rao580@gmail.com,Sakshi Rao,+918455974767,12,9,3,1583.15,175.91,2,0,LOYAL
32026471-bd73-439b-a373-7808b68f3fee,f6483f49-7190-4ed1-b230-ebf5ab3da486,cust-581,rohan.chopra581@protonmail.com,Rohan Chopra,+916170663930,13,10,3,934.91,93.49,1,0,NEW
e1380f01-7ffd-4a9f-a05d-ffd1282c0f1a,f6483f49-7190-4ed1-b230-ebf5ab3da486,cust-582,deepa.chopra582@outlook.com,Deepa Chopra,+916875775151,24,19,5,2122.19,111.69,1,0,NEW
cc31ec5c-e7c5-4b61-a3dd-9e4aef34f323,f6483f49-7190-4ed1-b230-ebf5ab3da486,cust-583,vikram.kulkarni583@mail.com,Vikram Kulkarni,+917957506592,18,16,2,917.59,57.35,0,0,AT_RISK
687206c3-1037-430e-a52b-1c7d16686e36,f6483f49-7190-4ed1-b230-ebf5ab3da486,cust-584,diya.mehta584@mail.com,Diya Mehta,+914864080448,12,9,3,1183.98,131.55,1,0,LOYAL
e3f8bcca-f1b7-44ef-a728-66818161de9f,f6483f49-7190-4ed1-b230-ebf5ab3da486,cust-585,kavya.das585@outlook.com,Kavya Das,+910952171960,10,9,1,1157.11,128.57,0,0,LOYAL
84740eca-5d71-4b20-a019-13e8f5bf611e,f6483f49-7190-4ed1-b230-ebf5ab3da486,cust-586,kavya.reddy586@gmail.com,Kavya Reddy,+917201829802,14,10,4,2079.92,207.99,1,0,NEW
cf03a11b-3808-4135-99b1-eebf9fcc6957,f6483f49-7190-4ed1-b230-ebf5ab3da486,cust-587,vikram.pillai587@yahoo.com,Vikram Pillai,+914731044442,20,14,6,2453.0,175.21,0,0,LOYAL
a9f5e514-7249-48c5-a03d-3b605d686681,f6483f49-7190-4ed1-b230-ebf5ab3da486,cust-588,pooja.sharma588@outlook.com,Pooja Sharma,+915517615485,16,14,2,4154.96,296.78,1,0,AT_RISK
b93a528e-c6b8-4485-b8ab-ce82448d26b8,f6483f49-7190-4ed1-b230-ebf5ab3da486,cust-589,lakshmi.gupta589@outlook.com,Lakshmi Gupta,+915129950896,23,20,3,2743.05,137.15,1,0,LOYAL
773e2a32-bd74-4783-92fa-3f8773af0f3d,f6483f49-7190-4ed1-b230-ebf5ab3da486,cust-590,arun.reddy590@gmail.com,Arun Reddy,+910922698282,27,24,3,4766.47,198.6,0,0,AT_RISK
6c90bf68-b5a0-46e8-a976-be52725d4368,f6483f49-7190-4ed1-b230-ebf5ab3da486,cust-591,dev.kulkarni591@mail.com,Dev Kulkarni,+910068798258,27,24,3,2953.71,123.07,1,0,LOYAL
c46e9903-11fd-4427-b170-3eb81ec7f236,f6483f49-7190-4ed1-b230-ebf5ab3da486,cust-592,pooja.nair592@outlook.com,Pooja Nair,+919726329391,14,5,9,818.11,163.62,2,1,NEW
2c4b9f74-ee64-4496-ada1-7342605bf778,f6483f49-7190-4ed1-b230-ebf5ab3da486,cust-593,suresh.sharma593@mail.com,Suresh Sharma,+914964877576,14,13,1,2420.69,186.21,0,0,LOYAL
20884864-9e7e-4287-9f6a-e485cd716cde,f6483f49-7190-4ed1-b230-ebf5ab3da486,cust-594,amit.kulkarni594@gmail.com,Amit Kulkarni,+918841936388,26,23,3,2712.76,117.95,1,0,LOYAL
574499a8-d825-47ed-88e4-5a375cd7c095,f6483f49-7190-4ed1-b230-ebf5ab3da486,cust-595,aarav.kumar595@protonmail.com,Aarav Kumar,+913107767186,23,20,3,3910.42,195.52,1,0,LOYAL
e7e37167-05d9-4364-8601-24c70ff15d80,f6483f49-7190-4ed1-b230-ebf5ab3da486,cust-596,lakshmi.mehta596@yahoo.com,Lakshmi Mehta,+919904760961,19,13,6,1814.37,139.57,3,2,AT_RISK
6d62b521-9523-479b-ad8f-349c9ee460c9,f6483f49-7190-4ed1-b230-ebf5ab3da486,cust-597,ishita.pillai597@mail.com,Ishita Pillai,+914565650102,19,16,3,1617.01,101.06,0,0,LOYAL
84aaf7fc-7914-497a-9281-0ba7c2fbe980,f6483f49-7190-4ed1-b230-ebf5ab3da486,cust-598,sneha.mehta598@mail.com,Sneha Mehta,+917280966680,21,17,4,1266.46,74.5,3,1,NEW
2da25970-e70c-45e5-8562-1bfdf3ffbbb9,f6483f49-7190-4ed1-b230-ebf5ab3da486,cust-599,priya.patel599@outlook.com,Priya Patel,+914926437822,29,19,10,3049.79,160.52,7,4,NEW
f3176814-7fbd-4281-8530-b90cb3df455d,f6483f49-7190-4ed1-b230-ebf5ab3da486,cust-600,priya.kulkarni600@protonmail.com,Priya Kulkarni,+913338892699,17,13,4,2116.51,162.81,3,1,LOYAL
ae7b420c-ecb9-4f5b-94b2-1e8d163ba8b0,f6483f49-7190-4ed1-b230-ebf5ab3da486,cust-601,diya.reddy601@outlook.com,Diya Reddy,+913604856321,15,13,2,2451.02,188.54,1,0,NEW
46502165-ca54-4507-b4e9-8c0681dcd897,f6483f49-7190-4ed1-b230-ebf5ab3da486,cust-602,gaurav.nair602@gmail.com,Gaurav Nair,+918520540419,19,11,8,1498.86,136.26,3,1,LOYAL
b9c1e264-64dc-40f8-91d0-e07452c24d36,f6483f49-7190-4ed1-b230-ebf5ab3da486,cust-603,suresh.patel603@protonmail.com,Suresh Patel,+913801943606,21,18,3,1885.55,104.75,0,0,LOYAL
91f30ebb-b506-41fd-8ef2-910c7f49501c,f6483f49-7190-4ed1-b230-ebf5ab3da486,cust-604,sakshi.patel604@outlook.com,Sakshi Patel,+918464876444,13,12,1,1506.67,125.56,0,0,LOYAL
8bb8e3df-ff15-45c5-8e1a-071ef0f4ffbb,f6483f49-7190-4ed1-b230-ebf5ab3da486,cust-605,vikram.mishra605@gmail.com,Vikram Mishra,+913974311507,10,9,1,1319.46,146.61,0,0,LOYAL
fd8f8b67-b4e9-4120-983a-99db24d9fc81,f6483f49-7190-4ed1-b230-ebf5ab3da486,cust-606,diya.pillai606@yahoo.com,Diya Pillai,+916247427034,20,18,2,1882.11,104.56,1,0,LOYAL
96d4cb5c-503e-4b45-a18e-0ae5b53b6cfb,f6483f49-7190-4ed1-b230-ebf5ab3da486,cust-607,arun.rao607@outlook.com,Arun Rao,+915514629561,15,14,1,575.42,41.1,0,0,AT_RISK
2e9e79b3-b566-42ed-a35d-7582a43ffc15,f6483f49-7190-4ed1-b230-ebf5ab3da486,cust-608,gaurav.desai608@mail.com,Gaurav Desai,+918412973669,27,16,11,885.79,55.36,4,1,LOYAL
d84df8d2-bfd2-4359-8326-fdfe81594deb,f6483f49-7190-4ed1-b230-ebf5ab3da486,cust-609,vikram.nair609@mail.com,Vikram Nair,+915323189496,31,29,2,6017.89,207.51,0,0,NEW
7d724fb9-3c90-407e-a654-3c5312702829,f6483f49-7190-4ed1-b230-ebf5ab3da486,cust-610,harsh.mehta610@protonmail.com,Harsh Mehta,+916279372193,24,16,8,1943.75,121.48,1,0,LOYAL
cfb12bda-cad3-4432-83d9-72186fb85bb6,f6483f49-7190-4ed1-b230-ebf5ab3da486,cust-611,amit.rao611@gmail.com,Amit Rao,+915146939122,18,15,3,919.52,61.3,0,0,LOYAL
b028129e-47c1-4967-a17f-50cff03a573a,f6483f49-7190-4ed1-b230-ebf5ab3da486,cust-612,ishita.reddy612@outlook.com,Ishita Reddy,+918211218168,17,15,2,2506.37,167.09,0,0,LOYAL
7601c81c-0709-4f94-bd0e-12045992a111,f6483f49-7190-4ed1-b230-ebf5ab3da486,cust-613,kavya.joshi613@outlook.com,Kavya Joshi,+914331576471,15,14,1,3337.72,238.41,0,0,LOYAL
4f25ff6d-8e8e-42cd-afd3-6f7b1c10cd22,f6483f49-7190-4ed1-b230-ebf5ab3da486,cust-614,pooja.gupta614@yahoo.com,Pooja Gupta,+911335920615,21,20,1,2371.35,118.57,0,0,AT_RISK
0ebee07e-11d5-4c94-ace9-ce2abd947293,f6483f49-7190-4ed1-b230-ebf5ab3da486,cust-615,lakshmi.gupta615@outlook.com,Lakshmi Gupta,+912621554777,20,19,1,2829.82,148.94,0,0,NEW
95e84d84-00cd-4ed0-8043-beafb1abb08a,f6483f49-7190-4ed1-b230-ebf5ab3da486,cust-616,vikram.singh616@yahoo.com,Vikram Singh,+915765443367,21,18,3,2547.13,141.51,1,0,AT_RISK
c44f5c79-8457-4965-9678-73f2396b7cb1,f6483f49-7190-4ed1-b230-ebf5ab3da486,cust-617,ravi.bhat617@outlook.com,Ravi Bhat,+915676284224,18,15,3,2277.59,151.84,1,0,LOYAL
b172e96c-7691-44ac-9a4b-c7bb6c81083b,f6483f49-7190-4ed1-b230-ebf5ab3da486,cust-618,neha.pillai618@yahoo.com,Neha Pillai,+919351043546,17,11,6,1886.97,171.54,0,0,LOYAL
8b62e505-3c1e-4686-8371-4d56e111250a,f6483f49-7190-4ed1-b230-ebf5ab3da486,cust-619,priya.chopra619@protonmail.com,Priya Chopra,+914342042092,19,13,6,1051.69,80.9,4,3,LOYAL
dd22cb5d-6890-4f69-bb1c-c2ccd7c63265,f6483f49-7190-4ed1-b230-ebf5ab3da486,cust-620,rohan.desai620@mail.com,Rohan Desai,+916790002133,19,15,4,2728.2,181.88,1,0,NEW
5fc00ddc-7184-45ac-ae5c-d4da99070cdc,f6483f49-7190-4ed1-b230-ebf5ab3da486,cust-621,manish.shah621@yahoo.com,Manish Shah,+917997790287,24,21,3,2455.38,116.92,1,0,NEW
c81b8fbb-d28a-44bf-9211-e865ea589142,f6483f49-7190-4ed1-b230-ebf5ab3da486,cust-622,neha.das622@mail.com,Neha Das,+917069982722,20,16,4,3452.41,215.78,3,2,LOYAL
114b193c-e608-4f04-8980-52714750d950,f6483f49-7190-4ed1-b230-ebf5ab3da486,cust-623,sneha.kulkarni623@protonmail.com,Sneha Kulkarni,+917473176245,20,18,2,2381.68,132.32,0,0,LOYAL
ed0f7878-2cff-4786-9de4-f39b0578457e,f6483f49-7190-4ed1-b230-ebf5ab3da486,cust-624,meera.gupta624@mail.com,Meera Gupta,+918374632477,19,18,1,2257.24,125.4,0,0,AT_RISK
fae66ef2-fa6a-4cd3-8870-b2525f47e210,f6483f49-7190-4ed1-b230-ebf5ab3da486,cust-625,harsh.kulkarni625@outlook.com,Harsh Kulkarni,+913079193666,18,15,3,1161.8,77.45,1,0,LOYAL
0933c802-158a-4353-af50-0b66f0528565,f6483f49-7190-4ed1-b230-ebf5ab3da486,cust-626,nisha.das626@protonmail.com,Nisha Das,+912351154801,20,13,7,1970.47,151.57,4,2,NEW
ed9ba07b-9a6d-4674-9deb-21af0aeea0e7,f6483f49-7190-4ed1-b230-ebf5ab3da486,cust-627,sakshi.reddy627@gmail.com,Sakshi Reddy,+918601932254,21,18,3,2362.92,131.27,1,0,NEW
4dbcc17c-60a4-44bb-b79c-72f9e3392469,f6483f49-7190-4ed1-b230-ebf5ab3da486,cust-628,meera.desai628@gmail.com,Meera Desai,+911841154098,20,16,4,3334.01,208.38,1,0,LOYAL
b2a1aa01-96d5-4622-97eb-822326669ab5,f6483f49-7190-4ed1-b230-ebf5ab3da486,cust-629,arjun.joshi629@outlook.com,Arjun Joshi,+914746955620,22,19,3,3213.52,169.13,1,0,NEW
50de9c94-6624-44aa-8014-00464ab9855b,f6483f49-7190-4ed1-b230-ebf5ab3da486,cust-630,arjun.chopra630@gmail.com,Arjun Chopra,+918623544006,31,25,6,3482.66,139.31,3,2,LOYAL
32831f80-7948-4db2-b690-bcc20a21762b,f6483f49-7190-4ed1-b230-ebf5ab3da486,cust-631,suresh.chopra631@outlook.com,Suresh Chopra,+917726812874,15,11,4,2621.58,238.33,0,0,AT_RISK
a80e867b-1e55-4735-a057-b695104cdbab,f6483f49-7190-4ed1-b230-ebf5ab3da486,cust-632,suresh.reddy632@mail.com,Suresh Reddy,+910608185607,19,16,3,2143.69,133.98,1,0,LOYAL
eb08e274-3c20-4c68-a4ea-efb1340d1143,f6483f49-7190-4ed1-b230-ebf5ab3da486,cust-633,pooja.joshi633@protonmail.com,Pooja Joshi,+914713757412,22,17,5,3285.1,193.24,3,2,LOYAL
aa2835c5-ec54-49af-aa55-8e5a483bf312,f6483f49-7190-4ed1-b230-ebf5ab3da486,cust-634,aditi.chopra634@gmail.com,Aditi Chopra,+910673783019,19,14,5,2650.48,189.32,2,1,LOYAL
6f1f4b03-82d0-4b04-b3cb-63a12987b4c1,f6483f49-7190-4ed1-b230-ebf5ab3da486,cust-635,kavya.chopra635@protonmail.com,Kavya Chopra,+914067442186,21,12,9,2363.18,196.93,1,0,LOYAL
246ebb58-7aed-4356-b8d8-ea7a07289334,f6483f49-7190-4ed1-b230-ebf5ab3da486,cust-636,dev.verma636@gmail.com,Dev Verma,+915307613206,17,14,3,2061.66,147.26,2,1,LOYAL
f662460f-7f89-4f5b-aea3-5e48f7144b8f,f6483f49-7190-4ed1-b230-ebf5ab3da486,cust-637,diya.chopra637@gmail.com,Diya Chopra,+918867833007,20,13,7,2415.78,185.83,5,3,LOYAL
555b4be1-4c2d-49b4-bb95-ca7518ee8cd3,f6483f49-7190-4ed1-b230-ebf5ab3da486,cust-638,kunal.joshi638@yahoo.com,Kunal Joshi,+913204931628,20,8,12,1271.85,158.98,2,1,AT_RISK
56e6dc6d-ce4a-44fe-91a5-d1000d917389,f6483f49-7190-4ed1-b230-ebf5ab3da486,cust-639,lakshmi.reddy639@yahoo.com,Lakshmi Reddy,+910583669342,30,28,2,4266.96,152.39,0,0,LOYAL
8da89be2-e6e3-4f64-b3ac-0bbd6d811e09,f6483f49-7190-4ed1-b230-ebf5ab3da486,cust-640,ananya.rao640@outlook.com,Ananya Rao,+911433408630,18,13,5,2165.57,166.58,2,1,AT_RISK
8ceda654-cab2-44b8-8b84-68f5420bbebb,f6483f49-7190-4ed1-b230-ebf5ab3da486,cust-641,diya.iyer641@outlook.com,Diya Iyer,+917497795203,16,12,4,2167.67,180.64,1,0,LOYAL
2d9f751e-df81-4a57-b903-e9740356977c,f6483f49-7190-4ed1-b230-ebf5ab3da486,cust-642,arun.das642@yahoo.com,Arun Das,+913683843653,18,15,3,2315.26,154.35,0,0,LOYAL
e96c1062-4dbb-41d0-8f6b-f67ed2a41911,f6483f49-7190-4ed1-b230-ebf5ab3da486,cust-643,arun.mehta643@mail.com,Arun Mehta,+915926837760,26,17,9,2327.51,136.91,4,0,NEW
8498f6a5-9a4e-487f-9b68-1ea5ff5a8fc2,f6483f49-7190-4ed1-b230-ebf5ab3da486,cust-644,meera.bhat644@outlook.com,Meera Bhat,+912362794813,23,19,4,2424.44,127.6,1,0,LOYAL
70306426-e4d5-4d17-ae1c-bacb2919bf4e,f6483f49-7190-4ed1-b230-ebf5ab3da486,cust-645,lakshmi.patel645@mail.com,Lakshmi Patel,+917487273209,26,16,10,3529.62,220.6,1,0,LOYAL
80308c3a-6cd0-4d48-89fc-4e56bcdb7c14,f6483f49-7190-4ed1-b230-ebf5ab3da486,cust-646,gaurav.mehta646@mail.com,Gaurav Mehta,+918516049099,16,10,6,1308.06,130.81,1,0,NEW
b700384c-ab12-4378-b5b1-0f4be2c627c9,f6483f49-7190-4ed1-b230-ebf5ab3da486,cust-647,arjun.singh647@yahoo.com,Arjun Singh,+915892073721,20,17,3,1664.07,97.89,2,0,AT_RISK
5af5c6a4-396c-449a-b22e-86e4b5d3676a,f6483f49-7190-4ed1-b230-ebf5ab3da486,cust-648,gaurav.verma648@outlook.com,Gaurav Verma,+915928493344,25,19,6,2951.85,155.36,2,1,LOYAL
70061d38-9959-4cfe-962f-90918e3e3754,f6483f49-7190-4ed1-b230-ebf5ab3da486,cust-649,vikram.iyer649@yahoo.com,Vikram Iyer,+918703879517,20,14,6,1514.74,108.2,3,1,AT_RISK
be7a6b20-b724-4835-bc23-a18c97afc0ac,f6483f49-7190-4ed1-b230-ebf5ab3da486,cust-650,ishita.das650@protonmail.com,Ishita Das,+913254371908,29,24,5,4148.79,172.87,3,1,LOYAL
1ab0aa3c-0d8d-447d-a952-48d2ecef9e48,f6483f49-7190-4ed1-b230-ebf5ab3da486,cust-651,jaya.rao651@protonmail.com,Jaya Rao,+914437339089,20,19,1,468.76,24.67,0,0,NEW
34b69664-8c66-4caf-af5d-94b2e9c3d7f2,f6483f49-7190-4ed1-b230-ebf5ab3da486,cust-652,ananya.das652@mail.com,Ananya Das,+911797737630,20,18,2,2965.71,164.76,1,0,LOYAL
a0abd93c-8ebc-4a9f-b17b-36795cf0d152,f6483f49-7190-4ed1-b230-ebf5ab3da486,cust-653,neha.iyer653@yahoo.com,Neha Iyer,+912086666246,25,11,14,1523.14,138.47,10,6,LOYAL
06c7c5f0-afa6-4db8-b40c-594bd0ff71b4,f6483f49-7190-4ed1-b230-ebf5ab3da486,cust-654,ishita.mehta654@mail.com,Ishita Mehta,+915611073790,13,6,7,525.05,87.51,5,2,LOYAL
9a81e01a-c010-46fa-8f26-dab18eaeea52,f6483f49-7190-4ed1-b230-ebf5ab3da486,cust-655,suresh.joshi655@protonmail.com,Suresh Joshi,+911465585779,18,15,3,994.15,66.28,0,0,LOYAL
9fc38884-1b1a-4d14-b9c0-35632a98c4e6,f6483f49-7190-4ed1-b230-ebf5ab3da486,cust-656,nisha.singh656@gmail.com,Nisha Singh,+916731793398,17,10,7,547.66,54.77,2,0,LOYAL
4941b159-557a-4541-ba2b-b7552799c34f,f6483f49-7190-4ed1-b230-ebf5ab3da486,cust-657,aarav.kumar657@gmail.com,Aarav Kumar,+917442411145,34,32,2,1401.68,43.8,1,0,LOYAL
576d61a5-85d4-443f-8a8b-b44ac5d55cd6,f6483f49-7190-4ed1-b230-ebf5ab3da486,cust-658,ananya.chopra658@mail.com,Ananya Chopra,+918101729466,17,14,3,1132.89,80.92,1,0,NEW
cab7d50a-4d61-49de-92b7-da07963f23a4,f6483f49-7190-4ed1-b230-ebf5ab3da486,cust-659,nisha.reddy659@gmail.com,Nisha Reddy,+912323546107,17,12,5,723.65,60.3,1,0,AT_RISK
57da2ae5-e73d-4d9d-ba43-3fcb7257d988,f6483f49-7190-4ed1-b230-ebf5ab3da486,cust-660,aarav.pillai660@gmail.com,Aarav Pillai,+910506979434,16,13,3,2184.24,168.02,1,0,LOYAL
f0a892d2-5168-4b19-8d4b-14fa90360205,f6483f49-7190-4ed1-b230-ebf5ab3da486,cust-661,meera.nair661@outlook.com,Meera Nair,+918963033146,16,15,1,3294.34,219.62,0,0,AT_RISK
2458ab7e-4c6d-40d9-bbec-8c0d9d5489f7,f6483f49-7190-4ed1-b230-ebf5ab3da486,cust-662,jaya.gupta662@gmail.com,Jaya Gupta,+916826836644,21,18,3,2495.05,138.61,1,0,AT_RISK
1cdd619c-b0f2-4b5b-9dd3-fe7e4dab8d39,f6483f49-7190-4ed1-b230-ebf5ab3da486,cust-663,diya.sharma663@outlook.com,Diya Sharma,+910308346460,22,18,4,3682.62,204.59,1,0,NEW
e475bf3d-b4f0-4bd5-96e6-716cd27cc1d2,f6483f49-7190-4ed1-b230-ebf5ab3da486,cust-664,priya.bhat664@gmail.com,Priya Bhat,+917211558517,26,21,5,4904.91,233.57,1,0,LOYAL
0b4968b1-5de2-4151-a710-53ec13881864,f6483f49-7190-4ed1-b230-ebf5ab3da486,cust-665,karan.kulkarni665@protonmail.com,Karan Kulkarni,+911416227604,24,15,9,844.92,56.33,1,0,AT_RISK
62dffe1e-4ed1-4ad1-a4f3-54ceda4884a2,f6483f49-7190-4ed1-b230-ebf5ab3da486,cust-666,harsh.sharma666@yahoo.com,Harsh Sharma,+919332769669,16,13,3,2368.68,182.21,1,0,LOYAL
0b91b6bb-4d85-4ebd-a40d-c2951abcbe81,f6483f49-7190-4ed1-b230-ebf5ab3da486,cust-667,arun.bhat667@gmail.com,Arun Bhat,+917325903977,28,19,9,3233.11,170.16,2,1,NEW
e41cfdcc-b22f-45c1-8cf7-631361b83f64,f6483f49-7190-4ed1-b230-ebf5ab3da486,cust-668,arun.kulkarni668@protonmail.com,Arun Kulkarni,+918210079713,18,15,3,3183.42,212.23,1,0,NEW
1768ef8b-c436-4e4b-9ba0-366bb8849582,f6483f49-7190-4ed1-b230-ebf5ab3da486,cust-669,nisha.nair669@protonmail.com,Nisha Nair,+915005893367,14,12,2,2300.16,191.68,0,0,LOYAL
653fed08-8319-42f9-9432-fcf9f929024b,f6483f49-7190-4ed1-b230-ebf5ab3da486,cust-670,rohan.mishra670@mail.com,Rohan Mishra,+912354198446,15,12,3,1370.06,114.17,2,1,AT_RISK
0c9221b6-061a-4700-b9cf-ef1eab991236,f6483f49-7190-4ed1-b230-ebf5ab3da486,cust-671,arjun.patel671@mail.com,Arjun Patel,+913562856229,19,17,2,4339.5,255.26,0,0,AT_RISK
414a3ef1-0396-463a-95e5-2d1fe2c4f4e3,f6483f49-7190-4ed1-b230-ebf5ab3da486,cust-672,aditi.nair672@yahoo.com,Aditi Nair,+918278708143,23,20,3,3685.86,184.29,0,0,NEW
7b98fc32-ac0f-408d-b074-9894663dcb5e,f6483f49-7190-4ed1-b230-ebf5ab3da486,cust-673,manish.reddy673@gmail.com,Manish Reddy,+915369735261,15,9,6,1568.84,174.32,2,0,NEW
da5e1375-6a17-4a10-b20a-5dd5c1699962,f6483f49-7190-4ed1-b230-ebf5ab3da486,cust-674,nisha.kulkarni674@protonmail.com,Nisha Kulkarni,+910378093654,20,18,2,3091.45,171.75,1,0,NEW
f157a5db-bd35-4d8e-b140-9c343edf7258,f6483f49-7190-4ed1-b230-ebf5ab3da486,cust-675,ravi.verma675@yahoo.com,Ravi Verma,+912816381783,17,11,6,1744.31,158.57,3,0,LOYAL
a7aac4cb-5371-4de7-8f35-720e5420b3c2,f6483f49-7190-4ed1-b230-ebf5ab3da486,cust-676,priya.reddy676@gmail.com,Priya Reddy,+910910965964,18,15,3,2009.13,133.94,0,0,AT_RISK
85f8bb48-9828-455c-9fd2-e54bbcce1924,f6483f49-7190-4ed1-b230-ebf5ab3da486,cust-677,aditi.kumar677@yahoo.com,Aditi Kumar,+913351779604,19,12,7,1283.21,106.93,3,2,LOYAL
5181de32-6ca1-498c-bde8-55f28044f3be,f6483f49-7190-4ed1-b230-ebf5ab3da486,cust-678,manish.das678@outlook.com,Manish Das,+916401169259,27,25,2,3352.8,134.11,0,0,NEW
57dc5936-c695-43d6-9d2a-d3a033cb30bb,f6483f49-7190-4ed1-b230-ebf5ab3da486,cust-679,ravi.shah679@gmail.com,Ravi Shah,+917146450097,18,13,5,1371.01,105.46,1,0,LOYAL
acaf3f0d-f0f9-4768-9698-a621791d54ec,f6483f49-7190-4ed1-b230-ebf5ab3da486,cust-680,dev.das680@gmail.com,Dev Das,+913875085867,12,9,3,2340.91,260.1,0,0,LOYAL
66aea59a-65d1-43e3-8610-4ff1df79cf55,f6483f49-7190-4ed1-b230-ebf5ab3da486,cust-681,diya.kumar681@yahoo.com,Diya Kumar,+918604305602,20,12,8,2412.02,201.0,2,1,LOYAL
4fbd1b79-344a-4149-aee4-9c15b5cb5ad6,f6483f49-7190-4ed1-b230-ebf5ab3da486,cust-682,kunal.patel682@gmail.com,Kunal Patel,+919535490395,26,22,4,3354.26,152.47,2,1,NEW
999157fb-de0f-40f5-9c48-370825e61726,f6483f49-7190-4ed1-b230-ebf5ab3da486,cust-683,lakshmi.verma683@mail.com,Lakshmi Verma,+914565935208,24,18,6,2252.38,125.13,4,1,LOYAL
89b60b90-5710-44f4-94f2-98b7acec6414,f6483f49-7190-4ed1-b230-ebf5ab3da486,cust-684,gaurav.patel684@yahoo.com,Gaurav Patel,+911821552745,29,27,2,2245.63,83.17,0,0,LOYAL
84d5dc6c-fadd-42a2-8859-db41d126cb00,f6483f49-7190-4ed1-b230-ebf5ab3da486,cust-685,ishita.das685@yahoo.com,Ishita Das,+914024650796,24,21,3,2800.31,133.35,1,0,AT_RISK
14db0077-16a0-4148-95d3-6d2cb2a829b8,f6483f49-7190-4ed1-b230-ebf5ab3da486,cust-686,diya.rao686@mail.com,Diya Rao,+916864194060,27,24,3,2227.99,92.83,0,0,NEW
a70672d2-43d6-4152-8793-e3381e979dd2,f6483f49-7190-4ed1-b230-ebf5ab3da486,cust-687,ananya.kulkarni687@gmail.com,Ananya Kulkarni,+916430971720,16,14,2,2344.95,167.5,0,0,LOYAL
0a0de10d-dc16-492d-a350-3e77ffe76b09,f6483f49-7190-4ed1-b230-ebf5ab3da486,cust-688,gaurav.das688@gmail.com,Gaurav Das,+917158580352,15,14,1,1955.11,139.65,0,0,LOYAL
a913b464-3f80-4e2d-a1e8-21184146be5f,f6483f49-7190-4ed1-b230-ebf5ab3da486,cust-689,ishita.mishra689@gmail.com,Ishita Mishra,+918193379558,15,7,8,777.67,111.1,4,1,LOYAL
1330ad68-c504-4737-979d-c856c5797188,f6483f49-7190-4ed1-b230-ebf5ab3da486,cust-690,ravi.pillai690@yahoo.com,Ravi Pillai,+912676152963,13,11,2,2249.45,204.5,1,0,LOYAL
bafe9864-bf91-4a1e-b741-d1e2df09fe7d,f6483f49-7190-4ed1-b230-ebf5ab3da486,cust-691,kunal.mehta691@mail.com,Kunal Mehta,+914443429579,20,15,5,1971.17,131.41,1,0,LOYAL
71681469-ff7f-4b55-836a-2df6c732d794,f6483f49-7190-4ed1-b230-ebf5ab3da486,cust-692,gaurav.verma692@gmail.com,Gaurav Verma,+919430079107,23,20,3,3724.59,186.23,0,0,LOYAL
175a73ef-cc4a-4604-b2ba-a3cea8f6d206,f6483f49-7190-4ed1-b230-ebf5ab3da486,cust-693,sakshi.bhat693@gmail.com,Sakshi Bhat,+919457459864,11,9,2,645.92,71.77,1,0,LOYAL
d32a94af-09b5-49a9-9f02-33d0abd19227,f6483f49-7190-4ed1-b230-ebf5ab3da486,cust-694,vikram.joshi694@gmail.com,Vikram Joshi,+917772798856,18,16,2,2270.44,141.9,0,0,LOYAL
c79ba56e-ade6-4c1a-945f-d9b4a5dd24ed,f6483f49-7190-4ed1-b230-ebf5ab3da486,cust-695,vikram.chopra695@yahoo.com,Vikram Chopra,+916852085943,19,16,3,1431.87,89.49,1,0,AT_RISK
46a49bb0-9c05-460f-82c8-beafc6b3a3af,f6483f49-7190-4ed1-b230-ebf5ab3da486,cust-696,meera.kumar696@outlook.com,Meera Kumar,+919257122275,21,18,3,2679.25,148.85,0,0,LOYAL
6330808b-39f3-4971-a0b0-aad12007d079,f6483f49-7190-4ed1-b230-ebf5ab3da486,cust-697,diya.verma697@mail.com,Diya Verma,+918046436330,23,22,1,3135.6,142.53,0,0,NEW
f9c26951-05a1-4be8-bb84-0a03a1df3055,f6483f49-7190-4ed1-b230-ebf5ab3da486,cust-698,pooja.reddy698@protonmail.com,Pooja Reddy,+913140511416,11,10,1,2645.96,264.6,0,0,LOYAL
4fb121ca-c294-4837-968b-e7f4bf9471e0,f6483f49-7190-4ed1-b230-ebf5ab3da486,cust-699,gaurav.bhat699@protonmail.com,Gaurav Bhat,+913385296417,9,7,2,1094.06,156.29,1,0,LOYAL
ae486eea-f6cd-48b0-878d-3aab6cfed3cc,f6483f49-7190-4ed1-b230-ebf5ab3da486,cust-700,aarav.rao700@yahoo.com,Aarav Rao,+911214306999,17,15,2,3149.47,209.96,1,0,LOYAL
648cddca-2ce1-4ac5-8216-58701210efa1,f6483f49-7190-4ed1-b230-ebf5ab3da486,cust-701,ananya.iyer701@protonmail.com,Ananya Iyer,+915773785983,26,18,8,2131.51,118.42,6,1,LOYAL
a8d57b61-81ad-48c6-99dc-40c3aa495340,f6483f49-7190-4ed1-b230-ebf5ab3da486,cust-702,ananya.kumar702@gmail.com,Ananya Kumar,+911306084504,19,13,6,1458.63,112.2,1,0,LOYAL
08be2376-a163-4cd6-80ff-84809afb278c,f6483f49-7190-4ed1-b230-ebf5ab3da486,cust-703,karan.bhat703@gmail.com,Karan Bhat,+917215278928,23,20,3,3497.79,174.89,1,0,LOYAL
c0414d2a-d669-424b-a725-00cd98881e50,f6483f49-7190-4ed1-b230-ebf5ab3da486,cust-704,diya.bhat704@gmail.com,Diya Bhat,+917519562109,17,15,2,3292.32,219.49,1,0,LOYAL
b6bf8be7-fca5-4110-ac37-ece908342404,f6483f49-7190-4ed1-b230-ebf5ab3da486,cust-705,suresh.gupta705@protonmail.com,Suresh Gupta,+910183579240,14,10,4,1654.15,165.41,0,0,NEW
298474ba-1935-44a2-a3ad-bae77d2db479,f6483f49-7190-4ed1-b230-ebf5ab3da486,cust-706,priya.patel706@outlook.com,Priya Patel,+911397281063,27,22,5,2901.42,131.88,0,0,LOYAL
2d6cf5a8-af91-4914-94d1-c27723d9c053,f6483f49-7190-4ed1-b230-ebf5ab3da486,cust-707,karan.bhat707@outlook.com,Karan Bhat,+919119330058,22,20,2,3056.74,152.84,1,0,LOYAL
005d094d-ac27-4f60-a194-5d89aeea72ba,f6483f49-7190-4ed1-b230-ebf5ab3da486,cust-708,kavya.rao708@outlook.com,Kavya Rao,+917562250166,16,10,6,1379.28,137.93,3,2,LOYAL
0e776994-44dc-4c79-9107-bb0f72b32307,f6483f49-7190-4ed1-b230-ebf5ab3da486,cust-709,aditi.pillai709@yahoo.com,Aditi Pillai,+911409634751,16,14,2,1689.95,120.71,0,0,NEW
9a114e1e-f2ee-49ca-bb2b-fe780fe8c014,f6483f49-7190-4ed1-b230-ebf5ab3da486,cust-710,arjun.joshi710@protonmail.com,Arjun Joshi,+915288998479,23,11,12,1612.35,146.58,8,4,LOYAL
d2f1f94e-6268-4eb3-9bc1-7b566bb29a3a,f6483f49-7190-4ed1-b230-ebf5ab3da486,cust-711,amit.bhat711@protonmail.com,Amit Bhat,+915971292909,16,8,8,988.42,123.55,5,2,AT_RISK
6760fe19-d5bd-4505-a5e4-4d2d9feecb9f,f6483f49-7190-4ed1-b230-ebf5ab3da486,cust-712,diya.das712@protonmail.com,Diya Das,+916891737421,24,22,2,4831.24,219.6,0,0,LOYAL
0ae41fe2-7530-45c9-93af-e5c7311009fc,f6483f49-7190-4ed1-b230-ebf5ab3da486,cust-713,dev.pillai713@yahoo.com,Dev Pillai,+915095572822,13,10,3,1477.44,147.74,0,0,LOYAL
e7eb0fbe-eadf-4ec1-8be8-0dbbb8bfba4d,f6483f49-7190-4ed1-b230-ebf5ab3da486,cust-714,ananya.reddy714@yahoo.com,Ananya Reddy,+910201892762,19,15,4,1925.78,128.39,1,0,LOYAL
e4ae2175-6181-4c00-9f60-975af7b2778f,f6483f49-7190-4ed1-b230-ebf5ab3da486,cust-715,manish.joshi715@mail.com,Manish Joshi,+911669398218,21,20,1,2764.73,138.24,0,0,LOYAL
d86db1f3-1152-49f6-85bb-fe85844c6e1c,f6483f49-7190-4ed1-b230-ebf5ab3da486,cust-716,karan.nair716@gmail.com,Karan Nair,+916037220689,23,16,7,2202.93,137.68,2,0,LOYAL
7e75d4f2-6a98-4eab-ba8e-31e147e7dc2b,f6483f49-7190-4ed1-b230-ebf5ab3da486,cust-717,sneha.kumar717@protonmail.com,Sneha Kumar,+919266243268,13,8,5,1639.39,204.92,3,1,AT_RISK
ebbdae78-c266-4341-bfa7-1173bffa60a1,f6483f49-7190-4ed1-b230-ebf5ab3da486,cust-718,neha.gupta718@protonmail.com,Neha Gupta,+912739011814,12,11,1,1580.41,143.67,0,0,LOYAL
75bbdb63-cdc2-487d-b5a1-c1fa1f41cfb5,f6483f49-7190-4ed1-b230-ebf5ab3da486,cust-719,jaya.reddy719@outlook.com,Jaya Reddy,+910113600299,23,15,8,1057.39,70.49,4,1,NEW
2bbf6b83-aaf9-4c13-9614-96f9bae12105,f6483f49-7190-4ed1-b230-ebf5ab3da486,cust-720,ananya.desai720@yahoo.com,Ananya Desai,+917863087602,20,14,6,1530.19,109.3,0,0,AT_RISK
94dcaf24-d82a-4646-b70c-fe38f7d65abb,f6483f49-7190-4ed1-b230-ebf5ab3da486,cust-721,amit.shah721@yahoo.com,Amit Shah,+919570758801,26,18,8,2306.04,128.11,3,2,LOYAL
86eb00c6-e4cf-4473-b852-f87d4ec0b5fa,f6483f49-7190-4ed1-b230-ebf5ab3da486,cust-722,kunal.pillai722@protonmail.com,Kunal Pillai,+918342525005,17,16,1,3580.7,223.79,0,0,AT_RISK
7e354418-9666-4ab1-b7b9-441c918790e0,f6483f49-7190-4ed1-b230-ebf5ab3da486,cust-723,ananya.desai723@protonmail.com,Ananya Desai,+911904162838,17,14,3,1714.59,122.47,1,0,LOYAL
10593e9c-8b56-4ad4-8b81-844d45982a8c,f6483f49-7190-4ed1-b230-ebf5ab3da486,cust-724,manish.kumar724@protonmail.com,Manish Kumar,+911119361998,14,13,1,1079.34,83.03,0,0,NEW
fb0771f6-924a-40f5-8e3a-b7cf332e414d,f6483f49-7190-4ed1-b230-ebf5ab3da486,cust-725,vikram.gupta725@yahoo.com,Vikram Gupta,+914314866282,20,11,9,1228.68,111.7,2,1,LOYAL
6ebe65f7-aaa0-4bb0-8b27-dcc0e16a088c,f6483f49-7190-4ed1-b230-ebf5ab3da486,cust-726,ravi.rao726@outlook.com,Ravi Rao,+918700916337,18,16,2,1904.7,119.04,0,0,LOYAL
d0ac9471-25f7-43c9-8f11-353bdfc747c4,f6483f49-7190-4ed1-b230-ebf5ab3da486,cust-727,lakshmi.bhat727@gmail.com,Lakshmi Bhat,+911471317344,21,19,2,1702.63,89.61,0,0,LOYAL
c41a02c8-9df4-4ae8-8ad0-790262cdce18,f6483f49-7190-4ed1-b230-ebf5ab3da486,cust-728,priya.mishra728@outlook.com,Priya Mishra,+911993554520,15,12,3,1611.19,134.27,1,0,LOYAL
23e00d56-e2eb-45d3-bf24-8b2fbc224c65,f6483f49-7190-4ed1-b230-ebf5ab3da486,cust-729,harsh.iyer729@mail.com,Harsh Iyer,+915677209059,17,13,4,2400.59,184.66,1,0,LOYAL
1f4a543e-5826-4cfa-b700-2a6f8d76df38,f6483f49-7190-4ed1-b230-ebf5ab3da486,cust-730,suresh.kumar730@gmail.com,Suresh Kumar,+919387148594,20,11,9,2376.55,216.05,4,2,LOYAL
6e439dc0-2eef-4306-a383-d73ec1d42516,f6483f49-7190-4ed1-b230-ebf5ab3da486,cust-731,diya.mehta731@gmail.com,Diya Mehta,+917161764015,22,16,6,3381.82,211.36,1,0,AT_RISK
9a009658-b4b3-42c7-a02d-1c38a59d444d,f6483f49-7190-4ed1-b230-ebf5ab3da486,cust-732,ravi.mishra732@yahoo.com,Ravi Mishra,+910300581177,37,21,16,2879.05,137.1,12,7,LOYAL
6bc42240-e89e-4001-8a21-b084b128596b,f6483f49-7190-4ed1-b230-ebf5ab3da486,cust-733,harsh.verma733@protonmail.com,Harsh Verma,+914376218075,12,6,6,671.52,111.92,0,0,LOYAL
f5ac532f-d2be-47b5-bb10-cb45fc2e2958,f6483f49-7190-4ed1-b230-ebf5ab3da486,cust-734,aarav.das734@protonmail.com,Aarav Das,+916858957419,23,19,4,2778.82,146.25,3,2,LOYAL
ad5aaa19-88a6-47c2-a087-9f4a775ad00d,f6483f49-7190-4ed1-b230-ebf5ab3da486,cust-735,rohan.das735@yahoo.com,Rohan Das,+917403896064,21,16,5,2863.14,178.95,2,1,NEW
8a4a6879-f5a8-4fcf-b8da-772adc29b902,f6483f49-7190-4ed1-b230-ebf5ab3da486,cust-736,arun.das736@protonmail.com,Arun Das,+911861106802,17,15,2,1482.56,98.84,0,0,LOYAL
a0f0c7a3-5d6b-4e80-9f0f-346805539bbb,f6483f49-7190-4ed1-b230-ebf5ab3da486,cust-737,sakshi.kumar737@gmail.com,Sakshi Kumar,+912091292050,19,14,5,2378.18,169.87,1,0,NEW
e236a878-0d6f-4e51-80b4-2bbdcb18be52,f6483f49-7190-4ed1-b230-ebf5ab3da486,cust-738,lakshmi.bhat738@gmail.com,Lakshmi Bhat,+910039795333,25,19,6,3906.5,205.61,3,2,LOYAL
e41b3bff-8a83-4912-b401-c855f51b68a6,f6483f49-7190-4ed1-b230-ebf5ab3da486,cust-739,arjun.kumar739@outlook.com,Arjun Kumar,+914718153582,24,17,7,2735.63,160.92,1,0,AT_RISK
deb9f816-d5f6-4019-9f73-c967b2e3480e,f6483f49-7190-4ed1-b230-ebf5ab3da486,cust-740,arjun.chopra740@gmail.com,Arjun Chopra,+918078867195,22,18,4,3740.41,207.8,1,0,LOYAL
9690ef9f-1840-4a41-86e6-43f35ffef554,f6483f49-7190-4ed1-b230-ebf5ab3da486,cust-741,jaya.mishra741@mail.com,Jaya Mishra,+919373384873,10,7,3,1607.96,229.71,1,0,LOYAL
c6518b9b-c54c-4126-9226-cb722205f8a8,f6483f49-7190-4ed1-b230-ebf5ab3da486,cust-742,diya.mishra742@mail.com,Diya Mishra,+910164818597,14,9,5,1069.98,118.89,1,0,LOYAL
9e6ea3b9-9c0f-4fd3-b358-da759e819d57,f6483f49-7190-4ed1-b230-ebf5ab3da486,cust-743,amit.bhat743@gmail.com,Amit Bhat,+914120530749,21,15,6,2205.26,147.02,4,1,LOYAL
f4a025cb-573c-4a2d-b231-9d3de1028359,f6483f49-7190-4ed1-b230-ebf5ab3da486,cust-744,ishita.chopra744@yahoo.com,Ishita Chopra,+919943246645,13,7,6,1386.88,198.13,2,1,AT_RISK
a859c46e-d53a-4b28-851e-41e3ce1d24e7,f6483f49-7190-4ed1-b230-ebf5ab3da486,cust-745,vikram.nair745@outlook.com,Vikram Nair,+910448909076,20,12,8,372.94,31.08,3,2,LOYAL
3c54b713-6036-4742-9449-bfcaad9029ca,f6483f49-7190-4ed1-b230-ebf5ab3da486,cust-746,sakshi.sharma746@yahoo.com,Sakshi Sharma,+918213034046,19,14,5,3118.8,222.77,1,0,LOYAL
21a9c894-1797-4136-8d16-6d23ed180b76,f6483f49-7190-4ed1-b230-ebf5ab3da486,cust-747,pooja.chopra747@gmail.com,Pooja Chopra,+910799713394,16,14,2,1567.75,111.98,0,0,NEW
176eef5a-ad2b-41d6-bd5a-6b0e84100a3b,f6483f49-7190-4ed1-b230-ebf5ab3da486,cust-748,harsh.bhat748@gmail.com,Harsh Bhat,+912014630639,16,14,2,3357.67,239.83,0,0,LOYAL
e7664be1-a114-4acb-9175-63223838e5dc,f6483f49-7190-4ed1-b230-ebf5ab3da486,cust-749,meera.iyer749@protonmail.com,Meera Iyer,+912207421120,15,12,3,1350.35,112.53,1,0,AT_RISK
95bdf289-80c0-4353-80c2-3a9ffb1f5266,f6483f49-7190-4ed1-b230-ebf5ab3da486,cust-750,nisha.chopra750@protonmail.com,Nisha Chopra,+915628093713,14,11,3,1814.5,164.95,2,0,AT_RISK
7e15c9fb-4532-4acb-b0dd-7c07a9d8dd09,f6483f49-7190-4ed1-b230-ebf5ab3da486,cust-751,priya.bhat751@protonmail.com,Priya Bhat,+915794958581,19,16,3,2708.6,169.29,0,0,LOYAL
4a42d685-dd70-4d84-abb0-fcae8925a97d,f6483f49-7190-4ed1-b230-ebf5ab3da486,cust-752,jaya.pillai752@mail.com,Jaya Pillai,+911687870894,31,23,8,4343.48,188.85,3,1,NEW
b6300788-ffd4-4a22-b0e6-47b69796971b,f6483f49-7190-4ed1-b230-ebf5ab3da486,cust-753,kavya.kumar753@protonmail.com,Kavya Kumar,+912799866507,25,21,4,3166.93,150.81,0,0,LOYAL
9720c53f-3449-4167-bcc8-8edfa15b590d,f6483f49-7190-4ed1-b230-ebf5ab3da486,cust-754,diya.iyer754@mail.com,Diya Iyer,+917622169333,17,13,4,1493.11,114.85,2,1,LOYAL
d6812965-0f8a-49b6-a592-75514b9748d1,f6483f49-7190-4ed1-b230-ebf5ab3da486,cust-755,karan.desai755@gmail.com,Karan Desai,+916644355711,15,11,4,2305.1,209.55,1,0,NEW
b7ee0088-8ffb-4777-a9a3-2a8499fbde68,f6483f49-7190-4ed1-b230-ebf5ab3da486,cust-756,priya.rao756@yahoo.com,Priya Rao,+915142666799,19,11,8,1490.25,135.48,4,3,NEW
9771bab4-5edc-47c4-b431-488141b793d0,f6483f49-7190-4ed1-b230-ebf5ab3da486,cust-757,ananya.singh757@gmail.com,Ananya Singh,+910091765658,21,12,9,2429.04,202.42,4,2,AT_RISK
31998301-5fc0-4fb5-aa97-833f7d530859,f6483f49-7190-4ed1-b230-ebf5ab3da486,cust-758,deepa.verma758@protonmail.com,Deepa Verma,+912751893749,22,19,3,3987.31,209.86,0,0,NEW
0a4fd89c-9583-4437-afea-177a8b1bda71,f6483f49-7190-4ed1-b230-ebf5ab3da486,cust-759,arun.das759@gmail.com,Arun Das,+919752639960,22,20,2,3614.94,180.75,0,0,LOYAL
671ee10e-e0d3-4fcb-b693-af8b75f65079,f6483f49-7190-4ed1-b230-ebf5ab3da486,cust-760,suresh.iyer760@gmail.com,Suresh Iyer,+910138853992,26,25,1,3258.64,130.35,0,0,LOYAL
c7cbfab3-8aa3-4512-8383-bca867bbb658,f6483f49-7190-4ed1-b230-ebf5ab3da486,cust-761,neha.joshi761@mail.com,Neha Joshi,+916885169195,26,17,9,3310.1,194.71,6,2,LOYAL
8e9d8f4d-18da-42f6-837d-735fc5ff9e66,f6483f49-7190-4ed1-b230-ebf5ab3da486,cust-762,priya.mehta762@gmail.com,Priya Mehta,+917115379813,20,9,11,1421.14,157.9,1,0,AT_RISK
bc844042-d60f-4900-8378-df8cce1ba21c,f6483f49-7190-4ed1-b230-ebf5ab3da486,cust-763,amit.singh763@gmail.com,Amit Singh,+914650790371,23,13,10,3022.87,232.53,7,2,LOYAL
ec998a39-5359-435a-b65e-7bdfe11d3f96,f6483f49-7190-4ed1-b230-ebf5ab3da486,cust-764,rahul.rao764@yahoo.com,Rahul Rao,+912825277762,19,12,7,1994.42,166.2,5,4,NEW
dbf0c834-f132-463d-b95e-62a422b262e8,f6483f49-7190-4ed1-b230-ebf5ab3da486,cust-765,suresh.gupta765@gmail.com,Suresh Gupta,+916514512804,31,27,4,4974.01,184.22,1,0,LOYAL
6935cbc6-5dc8-4359-ba32-2f96686ab281,f6483f49-7190-4ed1-b230-ebf5ab3da486,cust-766,meera.joshi766@protonmail.com,Meera Joshi,+911744624864,16,10,6,1196.37,119.64,2,1,LOYAL
7f634068-bf36-486d-b14a-e98a68516843,f6483f49-7190-4ed1-b230-ebf5ab3da486,cust-767,dev.reddy767@outlook.com,Dev Reddy,+910156099465,25,21,4,2242.82,106.8,2,0,NEW
8558e178-2648-4b8c-817c-73743aeadadc,f6483f49-7190-4ed1-b230-ebf5ab3da486,cust-768,dev.desai768@outlook.com,Dev Desai,+919100518123,19,17,2,759.14,44.66,0,0,AT_RISK
909be6b3-ad66-4209-8178-23e34a5f089d,f6483f49-7190-4ed1-b230-ebf5ab3da486,cust-769,gaurav.singh769@yahoo.com,Gaurav Singh,+912493527453,19,16,3,1705.66,106.6,0,0,AT_RISK
0f9bd871-6a2d-4b8c-9ee2-bd99437f8c15,f6483f49-7190-4ed1-b230-ebf5ab3da486,cust-770,diya.shah770@yahoo.com,Diya Shah,+911879175127,14,12,2,1538.54,128.21,1,0,NEW
2f535419-a612-45c5-b833-590f30f2adc9,f6483f49-7190-4ed1-b230-ebf5ab3da486,cust-771,priya.chopra771@protonmail.com,Priya Chopra,+915231313884,15,14,1,1654.64,118.19,0,0,LOYAL
6ceb63b5-7c8b-4fe4-a2bf-babb6d5e9b81,f6483f49-7190-4ed1-b230-ebf5ab3da486,cust-772,pooja.patel772@mail.com,Pooja Patel,+912468953184,21,19,2,2132.88,112.26,0,0,LOYAL
ed9d6f78-58d0-4455-8a3a-9b56af78ee8a,f6483f49-7190-4ed1-b230-ebf5ab3da486,cust-773,dev.rao773@yahoo.com,Dev Rao,+910637130347,12,7,5,1726.68,246.67,3,1,LOYAL
3d96a696-737d-4d65-a8cc-35112cbf4bc4,f6483f49-7190-4ed1-b230-ebf5ab3da486,cust-774,pooja.mehta774@mail.com,Pooja Mehta,+910222579865,24,18,6,3299.97,183.33,1,0,LOYAL
084b32b9-2f88-4033-9f5a-9f60cd1e92ea,f6483f49-7190-4ed1-b230-ebf5ab3da486,cust-775,arun.iyer775@protonmail.com,Arun Iyer,+913318494113,15,13,2,1827.14,140.55,1,0,LOYAL
6588ab54-94de-46e1-8eb3-51bd9d9e5c82,f6483f49-7190-4ed1-b230-ebf5ab3da486,cust-776,neha.mehta776@mail.com,Neha Mehta,+910075041905,19,9,10,789.98,87.78,2,0,AT_RISK
daadc581-c911-469d-aaf5-41f32a827d4a,f6483f49-7190-4ed1-b230-ebf5ab3da486,cust-777,rohan.patel777@outlook.com,Rohan Patel,+916008727453,25,21,4,1601.77,76.27,2,1,AT_RISK
12ed2a1e-d318-486f-aa81-5d20c9e66f8f,f6483f49-7190-4ed1-b230-ebf5ab3da486,cust-778,vikram.patel778@protonmail.com,Vikram Patel,+912946989128,15,11,4,1177.21,107.02,1,0,AT_RISK
dbb0ee3a-1275-4a41-b6d9-41fb12369e86,f6483f49-7190-4ed1-b230-ebf5ab3da486,cust-779,arjun.kumar779@outlook.com,Arjun Kumar,+918720788506,16,9,7,771.3,85.7,3,1,LOYAL
49ef9d36-f37f-4005-a562-972fbf6761be,f6483f49-7190-4ed1-b230-ebf5ab3da486,cust-780,aditi.shah780@gmail.com,Aditi Shah,+911903682114,13,11,2,1661.6,151.05,0,0,LOYAL
c0fa6720-9e2a-47d8-8c1c-dcf4eba75bb2,f6483f49-7190-4ed1-b230-ebf5ab3da486,cust-781,arjun.nair781@yahoo.com,Arjun Nair,+917894415569,17,10,7,1740.3,174.03,4,0,NEW
c8da5552-a9ce-47a5-99d4-f89a32b94a2a,f6483f49-7190-4ed1-b230-ebf5ab3da486,cust-782,kavya.bhat782@yahoo.com,Kavya Bhat,+910773826860,16,10,6,602.9,60.29,3,1,NEW
26520941-1b1d-476c-adb1-e0ad67549db6,f6483f49-7190-4ed1-b230-ebf5ab3da486,cust-783,ravi.patel783@yahoo.com,Ravi Patel,+910281125587,17,16,1,1865.24,116.58,0,0,LOYAL
fca13837-d1aa-4e2f-884b-53817d5e1d70,f6483f49-7190-4ed1-b230-ebf5ab3da486,cust-784,karan.chopra784@yahoo.com,Karan Chopra,+918119346240,29,26,3,5351.69,205.83,0,0,NEW
148b2ba5-53da-4f45-8401-dea92b543447,f6483f49-7190-4ed1-b230-ebf5ab3da486,cust-785,priya.reddy785@outlook.com,Priya Reddy,+919514110424,22,18,4,3443.76,191.32,2,1,NEW
479d3ad2-bf56-40df-ba26-7c60a6f35eb3,f6483f49-7190-4ed1-b230-ebf5ab3da486,cust-786,rohan.chopra786@outlook.com,Rohan Chopra,+912904155020,16,12,4,1992.6,166.05,0,0,LOYAL
42815f6a-41df-4bd4-aa1a-162e86bbd959,f6483f49-7190-4ed1-b230-ebf5ab3da486,cust-787,arun.das787@protonmail.com,Arun Das,+911112651021,21,18,3,2095.45,116.41,0,0,LOYAL
0cb0c066-00eb-4fb8-82d7-584a1038daaf,f6483f49-7190-4ed1-b230-ebf5ab3da486,cust-788,ananya.patel788@gmail.com,Ananya Patel,+915252864328,23,18,5,2695.4,149.74,0,0,LOYAL
d151c044-56d2-4c70-b223-242d329ffd81,f6483f49-7190-4ed1-b230-ebf5ab3da486,cust-789,harsh.shah789@protonmail.com,Harsh Shah,+912732570574,21,15,6,2074.71,138.31,3,1,LOYAL
9f8085c5-89db-40dd-bbea-a2e8e66f7b66,f6483f49-7190-4ed1-b230-ebf5ab3da486,cust-790,karan.mehta790@yahoo.com,Karan Mehta,+913018104312,22,18,4,2421.84,134.55,0,0,LOYAL
d7b2c146-43b6-4398-a088-8179422b18bd,f6483f49-7190-4ed1-b230-ebf5ab3da486,cust-791,amit.reddy791@gmail.com,Amit Reddy,+915954218598,25,22,3,3335.9,151.63,2,0,LOYAL
bb778e48-3ab1-4c2f-baa4-bea3c43cd408,f6483f49-7190-4ed1-b230-ebf5ab3da486,cust-792,rohan.desai792@yahoo.com,Rohan Desai,+917708343562,21,16,5,3684.28,230.27,0,0,LOYAL
5823a88d-c1f9-4bf6-b3cf-29b6682497ad,f6483f49-7190-4ed1-b230-ebf5ab3da486,cust-793,rahul.sharma793@outlook.com,Rahul Sharma,+913356884256,17,13,4,1680.97,129.31,3,1,LOYAL
f8161f22-1134-437d-be4e-bb8c408a141e,f6483f49-7190-4ed1-b230-ebf5ab3da486,cust-794,arjun.iyer794@yahoo.com,Arjun Iyer,+916142793719,17,14,3,2777.46,198.39,1,0,LOYAL
ef497cfc-95fc-4c99-8f36-0f299a71ac93,f6483f49-7190-4ed1-b230-ebf5ab3da486,cust-795,arun.kumar795@outlook.com,Arun Kumar,+918684952683,20,12,8,2212.17,184.35,4,2,NEW
1fdff070-dde6-4ac4-8fb3-51ba81cc8276,f6483f49-7190-4ed1-b230-ebf5ab3da486,cust-796,priya.shah796@outlook.com,Priya Shah,+911578175731,14,11,3,2313.2,210.29,1,0,LOYAL
b91ab942-a83e-4bcc-a0ce-aa2c6cae2e1f,f6483f49-7190-4ed1-b230-ebf5ab3da486,cust-797,aarav.bhat797@yahoo.com,Aarav Bhat,+914196632700,22,15,7,2132.64,142.18,3,1,LOYAL
b0438163-5e4e-498c-8efa-360ff5eab562,f6483f49-7190-4ed1-b230-ebf5ab3da486,cust-798,karan.pillai798@gmail.com,Karan Pillai,+910346023286,18,14,4,2705.7,193.26,1,0,LOYAL
c7be849d-f045-46df-a2ed-4d9195761c52,f6483f49-7190-4ed1-b230-ebf5ab3da486,cust-799,kunal.kulkarni799@yahoo.com,Kunal Kulkarni,+919717492092,17,15,2,2084.99,139.0,0,0,NEW
34427225-54fc-4a3f-ab0e-1b253571996b,f6483f49-7190-4ed1-b230-ebf5ab3da486,cust-800,deepa.das800@protonmail.com,Deepa Das,+913989514881,22,21,1,2993.17,142.53,0,0,NEW
66147240-fd2d-46ea-8077-ae0d4363a9d7,f6483f49-7190-4ed1-b230-ebf5ab3da486,cust-801,kunal.joshi801@outlook.com,Kunal Joshi,+911530565384,18,16,2,1727.61,107.98,0,0,AT_RISK
3d84119c-b459-42ed-a422-4dfd6ed4b655,f6483f49-7190-4ed1-b230-ebf5ab3da486,cust-802,arjun.desai802@protonmail.com,Arjun Desai,+916563349490,16,11,5,586.25,53.3,2,1,LOYAL
b0ffc3c5-8570-487c-ba68-c2298d2a48bf,f6483f49-7190-4ed1-b230-ebf5ab3da486,cust-803,kunal.iyer803@gmail.com,Kunal Iyer,+917632515527,9,7,2,821.62,117.37,1,0,LOYAL
05d0badc-d6cf-4939-90fc-db8bd2a26d00,f6483f49-7190-4ed1-b230-ebf5ab3da486,cust-804,neha.gupta804@protonmail.com,Neha Gupta,+916475802915,18,14,4,923.39,65.96,0,0,LOYAL
bef8b593-c78a-47a0-9a03-9fb8d1baae8c,f6483f49-7190-4ed1-b230-ebf5ab3da486,cust-805,manish.verma805@mail.com,Manish Verma,+914307670217,19,17,2,1804.81,106.17,0,0,LOYAL
e9b0f82c-6376-4bd5-8315-9fdf6f0f68e6,f6483f49-7190-4ed1-b230-ebf5ab3da486,cust-806,ravi.gupta806@yahoo.com,Ravi Gupta,+918616798620,24,19,5,2795.59,147.14,2,1,NEW
b3ba5a71-c138-431a-a2a9-8aae0fd12639,f6483f49-7190-4ed1-b230-ebf5ab3da486,cust-807,arjun.mishra807@gmail.com,Arjun Mishra,+915210539241,20,17,3,2406.84,141.58,1,0,LOYAL
63762d0b-7ff4-48d1-89a8-892a1aeca866,f6483f49-7190-4ed1-b230-ebf5ab3da486,cust-808,gaurav.kulkarni808@outlook.com,Gaurav Kulkarni,+918686461861,23,18,5,2376.94,132.05,3,2,LOYAL
f99c92ec-f74b-46ba-bb4f-aa15cc30532b,f6483f49-7190-4ed1-b230-ebf5ab3da486,cust-809,jaya.kulkarni809@yahoo.com,Jaya Kulkarni,+914269463614,20,16,4,3192.95,199.56,2,0,AT_RISK
ee282f36-936e-42ad-90bb-21b511bdff56,f6483f49-7190-4ed1-b230-ebf5ab3da486,cust-810,priya.gupta810@gmail.com,Priya Gupta,+912135066493,19,15,4,942.25,62.82,2,1,LOYAL
4c459c7b-9fda-46b2-af9d-63cc607c830d,f6483f49-7190-4ed1-b230-ebf5ab3da486,cust-811,arjun.chopra811@protonmail.com,Arjun Chopra,+912938537306,17,16,1,2074.42,129.65,0,0,LOYAL
75b52ccd-c956-4ca0-8439-f7c46742ae34,f6483f49-7190-4ed1-b230-ebf5ab3da486,cust-812,meera.pillai812@outlook.com,Meera Pillai,+914817690849,18,17,1,2539.76,149.4,0,0,AT_RISK
f4484247-9cf7-4b5c-8766-de7930140f2f,f6483f49-7190-4ed1-b230-ebf5ab3da486,cust-813,vikram.reddy813@mail.com,Vikram Reddy,+917562655580,21,14,7,2608.76,186.34,2,1,AT_RISK
8e096338-f589-4b87-9303-6d89fb1c649d,f6483f49-7190-4ed1-b230-ebf5ab3da486,cust-814,aarav.reddy814@yahoo.com,Aarav Reddy,+910194798728,25,22,3,2360.79,107.31,0,0,LOYAL
c6e81e21-8a03-46db-bc1d-29c06629fdf1,f6483f49-7190-4ed1-b230-ebf5ab3da486,cust-815,dev.das815@protonmail.com,Dev Das,+919020743601,19,12,7,2380.08,198.34,0,0,AT_RISK
f7fafaa3-70c2-439b-b2e4-d8102deec2f0,f6483f49-7190-4ed1-b230-ebf5ab3da486,cust-816,ananya.chopra816@protonmail.com,Ananya Chopra,+911651462745,27,17,10,2053.26,120.78,7,1,LOYAL
5bcb3e19-8317-41d7-b5b3-f29d6b8c808a,f6483f49-7190-4ed1-b230-ebf5ab3da486,cust-817,lakshmi.joshi817@gmail.com,Lakshmi Joshi,+915662883450,21,19,2,2226.21,117.17,0,0,AT_RISK
b3a6b212-5708-49ef-8ef1-c2ae7edbebff,f6483f49-7190-4ed1-b230-ebf5ab3da486,cust-818,dev.desai818@protonmail.com,Dev Desai,+911285388846,25,22,3,4295.46,195.25,1,0,LOYAL
dd5f8c50-af80-47cb-bd45-e361225beee6,f6483f49-7190-4ed1-b230-ebf5ab3da486,cust-819,nisha.singh819@mail.com,Nisha Singh,+910721263299,19,10,9,1480.43,148.04,5,3,LOYAL
4e6aef4e-bbd6-4c24-a386-933e07849764,f6483f49-7190-4ed1-b230-ebf5ab3da486,cust-820,ishita.das820@outlook.com,Ishita Das,+910890589530,20,13,7,2029.46,156.11,1,0,LOYAL
e420fe47-234c-4b4d-991f-9706aa766a23,f6483f49-7190-4ed1-b230-ebf5ab3da486,cust-821,harsh.kumar821@mail.com,Harsh Kumar,+914920323715,18,15,3,2504.25,166.95,1,0,LOYAL
0edb7537-fdd8-4e3c-bb49-e70eac75d0ca,f6483f49-7190-4ed1-b230-ebf5ab3da486,cust-822,jaya.nair822@gmail.com,Jaya Nair,+912099770995,25,21,4,3385.12,161.2,2,0,LOYAL
85e9e02b-ece6-40b7-9425-11d2fcc77fee,f6483f49-7190-4ed1-b230-ebf5ab3da486,cust-823,vikram.singh823@mail.com,Vikram Singh,+914171423478,18,10,8,1441.17,144.12,1,0,LOYAL
3c5a7894-165d-4cbf-b6a3-7d999e4fc670,f6483f49-7190-4ed1-b230-ebf5ab3da486,cust-824,gaurav.sharma824@gmail.com,Gaurav Sharma,+910716360433,21,16,5,4295.43,268.46,3,2,AT_RISK
421505a4-683b-48d9-af92-1af4ba776d54,f6483f49-7190-4ed1-b230-ebf5ab3da486,cust-825,arjun.iyer825@protonmail.com,Arjun Iyer,+915116933920,13,11,2,2315.87,210.53,0,0,LOYAL
437e4908-d2fd-47b9-9ded-420ece40f126,f6483f49-7190-4ed1-b230-ebf5ab3da486,cust-826,aarav.mehta826@protonmail.com,Aarav Mehta,+917875907801,15,13,2,1354.94,104.23,1,0,LOYAL
516949f1-a88c-48c4-9658-7de9d84b75e3,f6483f49-7190-4ed1-b230-ebf5ab3da486,cust-827,dev.verma827@gmail.com,Dev Verma,+913689136609,23,21,2,5190.71,247.18,1,0,LOYAL
3a1eaba3-420a-4584-9f03-df56736dc7f7,f6483f49-7190-4ed1-b230-ebf5ab3da486,cust-828,diya.bhat828@outlook.com,Diya Bhat,+918843358283,18,14,4,1199.9,85.71,2,1,LOYAL
6f4becf5-ef6f-4d9d-917f-9b15c538d045,f6483f49-7190-4ed1-b230-ebf5ab3da486,cust-829,sakshi.desai829@gmail.com,Sakshi Desai,+910976221927,19,13,6,2345.94,180.46,4,2,AT_RISK
8b4d6cce-3763-4717-8fa9-16fba1c8fd46,f6483f49-7190-4ed1-b230-ebf5ab3da486,cust-830,diya.kumar830@outlook.com,Diya Kumar,+917702479082,22,19,3,2549.72,134.2,2,1,LOYAL
542b3942-0bc3-4f9c-94e9-3d15adacf558,f6483f49-7190-4ed1-b230-ebf5ab3da486,cust-831,sneha.das831@outlook.com,Sneha Das,+918026483021,25,20,5,1164.23,58.21,3,2,LOYAL
afd16ac2-2a7a-4e9d-beac-51a6bd1174e1,f6483f49-7190-4ed1-b230-ebf5ab3da486,cust-832,priya.kulkarni832@gmail.com,Priya Kulkarni,+916079973827,24,20,4,2624.5,131.22,0,0,LOYAL
86810609-a51e-4974-9d6f-1436440aa561,f6483f49-7190-4ed1-b230-ebf5ab3da486,cust-833,diya.sharma833@outlook.com,Diya Sharma,+917687978599,18,15,3,2550.0,170.0,1,0,AT_RISK
d3e24955-b9c9-4ef7-9a75-7d993881fc76,f6483f49-7190-4ed1-b230-ebf5ab3da486,cust-834,karan.kulkarni834@protonmail.com,Karan Kulkarni,+914772949292,16,13,3,1212.79,93.29,1,0,NEW
3e5dcb40-22a7-4412-b862-f337394c5b9f,f6483f49-7190-4ed1-b230-ebf5ab3da486,cust-835,deepa.shah835@gmail.com,Deepa Shah,+919725022267,19,16,3,1261.7,78.86,1,0,NEW
7570ac2d-897b-402c-8ca7-c0ba66521443,f6483f49-7190-4ed1-b230-ebf5ab3da486,cust-836,aarav.kumar836@outlook.com,Aarav Kumar,+915321444948,20,12,8,1854.7,154.56,4,1,AT_RISK
ac7a7b5f-833e-4ab9-8a5c-7d0fb58002b7,f6483f49-7190-4ed1-b230-ebf5ab3da486,cust-837,diya.iyer837@gmail.com,Diya Iyer,+915085942724,24,17,7,2333.7,137.28,1,0,LOYAL
3a476081-5ca8-4b14-a12b-60db71577922,f6483f49-7190-4ed1-b230-ebf5ab3da486,cust-838,gaurav.reddy838@yahoo.com,Gaurav Reddy,+918626154352,17,11,6,1310.77,119.16,2,0,AT_RISK
7c97b2fb-e04a-4472-b406-953bd395bb85,f6483f49-7190-4ed1-b230-ebf5ab3da486,cust-839,harsh.shah839@outlook.com,Harsh Shah,+910885021510,23,9,14,962.75,106.97,3,2,LOYAL
7f9a113e-1509-40f1-aa62-db8216a6ded0,f6483f49-7190-4ed1-b230-ebf5ab3da486,cust-840,diya.nair840@mail.com,Diya Nair,+913846813734,18,9,9,1307.1,145.23,6,5,AT_RISK
6cecfcab-8d0b-4426-b13c-216b48bf9d49,f6483f49-7190-4ed1-b230-ebf5ab3da486,cust-841,arun.rao841@protonmail.com,Arun Rao,+919203215123,27,19,8,2514.4,132.34,1,0,AT_RISK
8903724f-268b-4b1d-9700-3acf6dab5f3d,f6483f49-7190-4ed1-b230-ebf5ab3da486,cust-842,harsh.desai842@mail.com,Harsh Desai,+917935617699,17,14,3,2275.44,162.53,0,0,NEW
d65c383c-1433-4775-8339-d5b71a1c3bb2,f6483f49-7190-4ed1-b230-ebf5ab3da486,cust-843,gaurav.pillai843@mail.com,Gaurav Pillai,+919675187665,18,16,2,1999.79,124.99,0,0,LOYAL
de851f6b-9e29-4d42-83a3-52e3cad0a254,f6483f49-7190-4ed1-b230-ebf5ab3da486,cust-844,kavya.shah844@yahoo.com,Kavya Shah,+918222734712,31,27,4,3149.1,116.63,0,0,LOYAL
99c08c4e-e0ae-42bc-a699-3c8afdf28ca9,f6483f49-7190-4ed1-b230-ebf5ab3da486,cust-845,jaya.iyer845@outlook.com,Jaya Iyer,+910503427289,15,9,6,1140.85,126.76,1,0,LOYAL
5d20ecf9-8f28-4ce3-8ca0-10093a69df77,f6483f49-7190-4ed1-b230-ebf5ab3da486,cust-846,suresh.kulkarni846@yahoo.com,Suresh Kulkarni,+917451223049,20,19,1,2780.55,146.34,0,0,AT_RISK
42e82367-7c6b-4ae5-8858-acc3e69f7bdb,f6483f49-7190-4ed1-b230-ebf5ab3da486,cust-847,sneha.bhat847@yahoo.com,Sneha Bhat,+918801259710,30,18,12,2336.96,129.83,4,2,LOYAL
de96ccd4-9030-4ea4-a667-b76d3273e75b,f6483f49-7190-4ed1-b230-ebf5ab3da486,cust-848,priya.sharma848@yahoo.com,Priya Sharma,+919189934571,15,14,1,2526.92,180.49,0,0,LOYAL
d6e5c28b-bc92-4008-a967-3ec0a5b6848a,f6483f49-7190-4ed1-b230-ebf5ab3da486,cust-849,pooja.nair849@mail.com,Pooja Nair,+916170999674,22,17,5,1716.33,100.96,2,1,NEW
b7c15cfe-43bc-4b3f-b730-9acdbf7b40b2,f6483f49-7190-4ed1-b230-ebf5ab3da486,cust-850,kunal.bhat850@yahoo.com,Kunal Bhat,+917758510564,23,20,3,4313.78,215.69,1,0,NEW
10cb04c2-1954-4289-95b1-c51fc996bee8,f6483f49-7190-4ed1-b230-ebf5ab3da486,cust-851,kavya.chopra851@yahoo.com,Kavya Chopra,+915590235858,10,7,3,1355.48,193.64,0,0,LOYAL
05cbb7c7-e2f2-4569-a999-d38cfb435982,f6483f49-7190-4ed1-b230-ebf5ab3da486,cust-852,priya.verma852@outlook.com,Priya Verma,+913790987428,14,12,2,1148.55,95.71,1,0,LOYAL
f1042b5b-5638-4730-9b6c-159bf3c115bb,f6483f49-7190-4ed1-b230-ebf5ab3da486,cust-853,kavya.kumar853@outlook.com,Kavya Kumar,+912124829979,18,15,3,1178.32,78.55,1,0,NEW
2905ab46-91db-4ee9-86b6-c41924f59405,f6483f49-7190-4ed1-b230-ebf5ab3da486,cust-854,deepa.shah854@yahoo.com,Deepa Shah,+910551508514,22,14,8,1372.55,98.04,5,1,AT_RISK
a06e91ee-4573-4c65-b438-d5bc7bceb5aa,f6483f49-7190-4ed1-b230-ebf5ab3da486,cust-855,manish.sharma855@outlook.com,Manish Sharma,+912957582178,29,26,3,3767.42,144.9,1,0,LOYAL
5d59d981-fb62-48f7-8345-1c6bab186516,f6483f49-7190-4ed1-b230-ebf5ab3da486,cust-856,rahul.iyer856@protonmail.com,Rahul Iyer,+912897130773,21,18,3,2975.1,165.28,0,0,AT_RISK
7d8ba490-c20b-4f02-89e5-25c570cb89ce,f6483f49-7190-4ed1-b230-ebf5ab3da486,cust-857,rohan.nair857@outlook.com,Rohan Nair,+914760680175,20,11,9,1056.0,96.0,4,2,LOYAL
39577ffb-7f9e-45ea-b101-00607a56f978,f6483f49-7190-4ed1-b230-ebf5ab3da486,cust-858,diya.kulkarni858@gmail.com,Diya Kulkarni,+919625821441,17,14,3,2871.22,205.09,1,0,LOYAL
f50a37f5-ea59-4639-8658-4e72b1999e64,f6483f49-7190-4ed1-b230-ebf5ab3da486,cust-859,ravi.verma859@yahoo.com,Ravi Verma,+911898700521,9,6,3,1111.3,185.22,1,0,NEW
4c490042-47e0-4d3e-ad23-2f057d83602a,f6483f49-7190-4ed1-b230-ebf5ab3da486,cust-860,priya.shah860@mail.com,Priya Shah,+913564613224,19,12,7,2367.19,197.27,3,1,LOYAL
ccf65fe3-55b6-473f-bd5a-1f0aecf73008,f6483f49-7190-4ed1-b230-ebf5ab3da486,cust-861,lakshmi.das861@mail.com,Lakshmi Das,+913401872936,17,13,4,2263.81,174.14,2,0,LOYAL
6340c414-e5f6-45b4-a570-b19373322e6a,f6483f49-7190-4ed1-b230-ebf5ab3da486,cust-862,ananya.reddy862@protonmail.com,Ananya Reddy,+919633188866,16,13,3,2530.57,194.66,1,0,NEW
ff0042db-6f08-4f86-9ef1-d6ad37bc4b35,f6483f49-7190-4ed1-b230-ebf5ab3da486,cust-863,aarav.verma863@outlook.com,Aarav Verma,+915870723343,19,15,4,2032.51,135.5,1,0,LOYAL
547a8515-1ba4-4f5c-a184-6e6b83a832bf,f6483f49-7190-4ed1-b230-ebf5ab3da486,cust-864,suresh.patel864@outlook.com,Suresh Patel,+914260428571,16,14,2,2796.05,199.72,0,0,AT_RISK
28c3d868-e205-47eb-b3bf-cbce1be35fc2,f6483f49-7190-4ed1-b230-ebf5ab3da486,cust-865,vikram.mishra865@outlook.com,Vikram Mishra,+911590373370,16,13,3,1561.95,120.15,1,0,LOYAL
871f95ea-ddeb-468e-b3e0-2229fd783766,f6483f49-7190-4ed1-b230-ebf5ab3da486,cust-866,aditi.desai866@yahoo.com,Aditi Desai,+913115828932,23,22,1,3789.39,172.24,0,0,LOYAL
14a346d1-5305-4785-bb84-54a1106d855c,f6483f49-7190-4ed1-b230-ebf5ab3da486,cust-867,jaya.mehta867@gmail.com,Jaya Mehta,+910091341327,17,15,2,2025.23,135.02,1,0,LOYAL
139baebc-ec61-4b83-b73c-d811c47eb04f,f6483f49-7190-4ed1-b230-ebf5ab3da486,cust-868,gaurav.patel868@outlook.com,Gaurav Patel,+917834888057,15,11,4,1257.26,114.3,0,0,LOYAL
8d83498d-e303-4db9-802b-b3e0bfaf3f70,f6483f49-7190-4ed1-b230-ebf5ab3da486,cust-869,jaya.iyer869@gmail.com,Jaya Iyer,+910861771633,19,13,6,1019.62,78.43,2,1,AT_RISK
7d415e87-a494-4a6d-903e-721020be99b3,f6483f49-7190-4ed1-b230-ebf5ab3da486,cust-870,rohan.sharma870@outlook.com,Rohan Sharma,+912226420954,20,15,5,4282.75,285.52,3,1,LOYAL
42906ae7-793e-437a-b009-ba176e9f47ea,f6483f49-7190-4ed1-b230-ebf5ab3da486,cust-871,suresh.kulkarni871@mail.com,Suresh Kulkarni,+912043351293,28,22,6,2409.12,109.51,3,2,LOYAL
d9d9c19d-28bb-4d18-bf44-6b36b8d805ed,f6483f49-7190-4ed1-b230-ebf5ab3da486,cust-872,gaurav.chopra872@outlook.com,Gaurav Chopra,+914131605295,14,12,2,1226.36,102.2,0,0,LOYAL
e3472cf7-ed15-421a-a1c6-212d9de310cf,f6483f49-7190-4ed1-b230-ebf5ab3da486,cust-873,amit.gupta873@protonmail.com,Amit Gupta,+916475272331,24,18,6,2672.76,148.49,2,1,LOYAL
98d9a17f-2339-4d7a-853d-44f52f42d537,f6483f49-7190-4ed1-b230-ebf5ab3da486,cust-874,kavya.pillai874@mail.com,Kavya Pillai,+914067753637,19,14,5,2828.04,202.0,0,0,AT_RISK
d44b69c1-8729-497a-a2ff-4763edb8e77e,f6483f49-7190-4ed1-b230-ebf5ab3da486,cust-875,rohan.kulkarni875@gmail.com,Rohan Kulkarni,+919401051181,18,13,5,1988.8,152.98,2,1,LOYAL
f3b6b1ff-78d7-4c60-be3d-715667d3b754,f6483f49-7190-4ed1-b230-ebf5ab3da486,cust-876,pooja.iyer876@protonmail.com,Pooja Iyer,+911847532429,12,9,3,746.78,82.98,2,0,LOYAL
9367ce45-0bf2-45f5-87e2-aec2f400cff7,f6483f49-7190-4ed1-b230-ebf5ab3da486,cust-877,deepa.shah877@mail.com,Deepa Shah,+913851268936,20,17,3,2713.11,159.59,1,0,LOYAL
557b058a-17f8-4896-8cdd-5b1c658ad7f7,f6483f49-7190-4ed1-b230-ebf5ab3da486,cust-878,ravi.chopra878@yahoo.com,Ravi Chopra,+919978158041,19,16,3,2494.07,155.88,0,0,LOYAL
8afdb2d5-b39b-4363-becf-d1625cdda0e9,f6483f49-7190-4ed1-b230-ebf5ab3da486,cust-879,amit.sharma879@outlook.com,Amit Sharma,+917104065068,23,16,7,3332.48,208.28,0,0,LOYAL
87a75651-a8b1-462b-84e5-a1a224bc264a,f6483f49-7190-4ed1-b230-ebf5ab3da486,cust-880,meera.sharma880@yahoo.com,Meera Sharma,+912885364256,14,10,4,1820.97,182.1,0,0,LOYAL
b2242e5a-abf2-43c2-a4ab-650349ec5416,f6483f49-7190-4ed1-b230-ebf5ab3da486,cust-881,amit.pillai881@yahoo.com,Amit Pillai,+911215156358,29,23,6,2934.94,127.61,4,2,LOYAL
afb05a48-d77f-40a8-b055-1ca7ada303c6,f6483f49-7190-4ed1-b230-ebf5ab3da486,cust-882,vikram.shah882@mail.com,Vikram Shah,+916417908118,20,16,4,2688.18,168.01,3,0,NEW
d7f3208e-69e9-40e3-997d-c1d0e8f2ca6e,f6483f49-7190-4ed1-b230-ebf5ab3da486,cust-883,kavya.singh883@gmail.com,Kavya Singh,+911844372377,22,20,2,2114.03,105.7,0,0,LOYAL
0962a37b-a56c-4536-b4c4-25b373c62d5e,f6483f49-7190-4ed1-b230-ebf5ab3da486,cust-884,meera.verma884@mail.com,Meera Verma,+913062162144,18,16,2,1475.64,92.23,1,0,LOYAL
dd6cda2b-5a0a-4269-8d31-c8ed56940e1c,f6483f49-7190-4ed1-b230-ebf5ab3da486,cust-885,harsh.shah885@gmail.com,Harsh Shah,+915430346725,21,19,2,3160.72,166.35,0,0,AT_RISK
22270315-236f-4fe9-bd00-be95afe7ec3a,f6483f49-7190-4ed1-b230-ebf5ab3da486,cust-886,suresh.joshi886@protonmail.com,Suresh Joshi,+913991315399,31,23,8,3612.84,157.08,2,1,LOYAL
d2a15f28-1f05-407b-afee-b4768f7a3fe4,f6483f49-7190-4ed1-b230-ebf5ab3da486,cust-887,rohan.sharma887@mail.com,Rohan Sharma,+912663972050,21,20,1,2450.84,122.54,0,0,AT_RISK
44ccdd9a-320a-4b03-8fc0-294c6d1d573b,f6483f49-7190-4ed1-b230-ebf5ab3da486,cust-888,harsh.bhat888@mail.com,Harsh Bhat,+916448780081,19,16,3,3290.11,205.63,0,0,LOYAL
26de13a2-0151-420e-8e9b-3dfa635c60f3,f6483f49-7190-4ed1-b230-ebf5ab3da486,cust-889,jaya.reddy889@yahoo.com,Jaya Reddy,+910814738286,18,15,3,1907.09,127.14,0,0,NEW
c7027820-2610-4239-a322-18202b9db461,f6483f49-7190-4ed1-b230-ebf5ab3da486,cust-890,jaya.sharma890@outlook.com,Jaya Sharma,+918837959594,23,17,6,1481.92,87.17,4,1,LOYAL
789a1c6b-726d-4a3b-8111-fc136f9d408b,f6483f49-7190-4ed1-b230-ebf5ab3da486,cust-891,manish.patel891@gmail.com,Manish Patel,+911712106646,14,11,3,2390.26,217.3,0,0,AT_RISK
71322554-238b-409e-bca6-da7bd6299d2a,f6483f49-7190-4ed1-b230-ebf5ab3da486,cust-892,manish.sharma892@outlook.com,Manish Sharma,+912335654107,25,17,8,3821.14,224.77,3,1,LOYAL
5051e484-eb09-4c70-adb0-1c4b77c82df9,f6483f49-7190-4ed1-b230-ebf5ab3da486,cust-893,dev.nair893@mail.com,Dev Nair,+916010648936,16,10,6,1902.79,190.28,4,3,AT_RISK
c8dc65de-063e-4248-bdb5-ad1d8371e14b,f6483f49-7190-4ed1-b230-ebf5ab3da486,cust-894,pooja.joshi894@yahoo.com,Pooja Joshi,+913322548219,22,13,9,3314.61,254.97,4,0,LOYAL
68790b4e-b4fd-43b8-8916-a0d90f944843,f6483f49-7190-4ed1-b230-ebf5ab3da486,cust-895,ishita.chopra895@outlook.com,Ishita Chopra,+910337586195,23,15,8,3022.69,201.51,5,2,LOYAL
baef35e2-d78e-4599-af09-999b8791fef8,f6483f49-7190-4ed1-b230-ebf5ab3da486,cust-896,arjun.kulkarni896@mail.com,Arjun Kulkarni,+912738726587,23,18,5,2988.84,166.05,1,0,LOYAL
d2697a40-aace-49ae-807a-e3a149ccc320,f6483f49-7190-4ed1-b230-ebf5ab3da486,cust-897,amit.desai897@yahoo.com,Amit Desai,+912401611533,17,14,3,2049.0,146.36,0,0,NEW
de7c18e3-cb83-450f-a35b-3593da7335d7,f6483f49-7190-4ed1-b230-ebf5ab3da486,cust-898,sneha.patel898@outlook.com,Sneha Patel,+917680436193,21,18,3,3222.51,179.03,2,1,AT_RISK
3a418f63-45a1-4bb8-9b5e-5c667538fde6,f6483f49-7190-4ed1-b230-ebf5ab3da486,cust-899,rahul.kulkarni899@yahoo.com,Rahul Kulkarni,+917465674276,21,9,12,1497.15,166.35,5,2,NEW
a8dcf22d-d6e8-470b-8f00-4bc451e3aae9,f6483f49-7190-4ed1-b230-ebf5ab3da486,cust-900,ravi.das900@outlook.com,Ravi Das,+910929914255,20,11,9,1963.77,178.52,4,3,LOYAL
606306a6-9a02-419f-be1a-4ab6f21e9a13,f6483f49-7190-4ed1-b230-ebf5ab3da486,cust-901,dev.desai901@yahoo.com,Dev Desai,+919899197139,26,21,5,2380.43,113.35,3,2,LOYAL
3d4294ef-3b6d-4b99-a90a-c32a189b693e,f6483f49-7190-4ed1-b230-ebf5ab3da486,cust-902,amit.verma902@yahoo.com,Amit Verma,+918410183022,22,21,1,2151.77,102.47,0,0,NEW
fdf67f05-1b0f-4746-962e-a37a5a720ee5,f6483f49-7190-4ed1-b230-ebf5ab3da486,cust-903,amit.mehta903@yahoo.com,Amit Mehta,+916834346696,20,11,9,1470.36,133.67,3,1,LOYAL
f1a35220-23c6-4ca6-b7f8-74d5fcececad,f6483f49-7190-4ed1-b230-ebf5ab3da486,cust-904,manish.chopra904@yahoo.com,Manish Chopra,+917017178874,20,18,2,2535.08,140.84,0,0,AT_RISK
dde1b805-481e-4492-82c9-f334a86fe40c,f6483f49-7190-4ed1-b230-ebf5ab3da486,cust-905,neha.kulkarni905@gmail.com,Neha Kulkarni,+913690812350,23,19,4,1823.61,95.98,0,0,LOYAL
fdbf3cc6-96a3-4dfd-8086-9e43569c06e5,f6483f49-7190-4ed1-b230-ebf5ab3da486,cust-906,vikram.das906@gmail.com,Vikram Das,+916112436423,15,10,5,1004.24,100.42,3,1,LOYAL
40bf6bde-50ec-44af-aa95-e615c62618e8,f6483f49-7190-4ed1-b230-ebf5ab3da486,cust-907,manish.bhat907@gmail.com,Manish Bhat,+912913518376,20,15,5,2275.75,151.72,2,1,NEW
daed9614-f20d-40e3-b9a0-8434b82cca7b,f6483f49-7190-4ed1-b230-ebf5ab3da486,cust-908,neha.sharma908@yahoo.com,Neha Sharma,+913534494732,17,13,4,2688.52,206.81,2,1,LOYAL
53b382cb-c321-4d2b-957c-b7ac8e6f8fd6,f6483f49-7190-4ed1-b230-ebf5ab3da486,cust-909,arun.kumar909@mail.com,Arun Kumar,+918957789114,25,17,8,2924.3,172.02,6,1,LOYAL
4f27d148-cfab-4079-9914-4b37d7cdeea5,f6483f49-7190-4ed1-b230-ebf5ab3da486,cust-910,kunal.das910@gmail.com,Kunal Das,+911395187402,16,12,4,3382.0,281.83,0,0,LOYAL
d08cffd4-82d0-4942-afeb-ebd2d3b68153,f6483f49-7190-4ed1-b230-ebf5ab3da486,cust-911,ananya.bhat911@protonmail.com,Ananya Bhat,+913862328513,25,18,7,1658.33,92.13,5,1,AT_RISK
3e019ad2-ea6e-4571-afc8-9438c7c80627,f6483f49-7190-4ed1-b230-ebf5ab3da486,cust-912,aarav.chopra912@outlook.com,Aarav Chopra,+912017531511,20,16,4,854.35,53.4,1,0,AT_RISK
ae4b1c86-738c-43a0-94e8-fe8a44ddccb9,f6483f49-7190-4ed1-b230-ebf5ab3da486,cust-913,ravi.iyer913@outlook.com,Ravi Iyer,+913469998503,13,10,3,1383.86,138.39,0,0,LOYAL
881dd7ee-4ac8-4728-bacb-353b53efa20d,f6483f49-7190-4ed1-b230-ebf5ab3da486,cust-914,aditi.gupta914@mail.com,Aditi Gupta,+919683909740,18,12,6,1232.11,102.68,1,0,LOYAL
065b9640-2ab9-4d8a-adfc-7e5dbaf0fee6,f6483f49-7190-4ed1-b230-ebf5ab3da486,cust-915,jaya.shah915@gmail.com,Jaya Shah,+918411235827,30,18,12,1882.35,104.57,5,1,AT_RISK
72177f30-a762-4267-8b59-ddebb2a2eaa3,f6483f49-7190-4ed1-b230-ebf5ab3da486,cust-916,meera.pillai916@protonmail.com,Meera Pillai,+912926150312,16,11,5,1636.15,148.74,2,0,LOYAL
149a399e-afc8-428f-b321-d7055e3df47f,f6483f49-7190-4ed1-b230-ebf5ab3da486,cust-917,aarav.iyer917@yahoo.com,Aarav Iyer,+910412593203,15,14,1,2227.47,159.1,0,0,AT_RISK
4698cb42-1ac6-49a6-9066-73b253f9e8f2,f6483f49-7190-4ed1-b230-ebf5ab3da486,cust-918,amit.mishra918@outlook.com,Amit Mishra,+917644554533,19,18,1,5393.53,299.64,0,0,AT_RISK
00f6493b-c8ef-4910-99da-e67d9d35fe90,f6483f49-7190-4ed1-b230-ebf5ab3da486,cust-919,manish.chopra919@yahoo.com,Manish Chopra,+914726620896,19,11,8,1391.08,126.46,4,2,LOYAL
26948143-33a4-42c2-acc4-bfdbafbcc709,f6483f49-7190-4ed1-b230-ebf5ab3da486,cust-920,sakshi.rao920@gmail.com,Sakshi Rao,+912932360613,27,23,4,3610.98,157.0,1,0,LOYAL
19e46b4c-1288-4f4f-98ef-b900ada7c929,f6483f49-7190-4ed1-b230-ebf5ab3da486,cust-921,priya.iyer921@gmail.com,Priya Iyer,+917279353913,24,21,3,3263.08,155.38,1,0,NEW
a6bd7562-f424-4bb5-b0a1-33dba5f389f2,f6483f49-7190-4ed1-b230-ebf5ab3da486,cust-922,diya.kumar922@mail.com,Diya Kumar,+912879953292,23,16,7,2081.24,130.08,5,1,LOYAL
79d4a592-d158-4d4c-9d0a-51d24aab722a,f6483f49-7190-4ed1-b230-ebf5ab3da486,cust-923,kunal.rao923@gmail.com,Kunal Rao,+916666552472,21,14,7,2549.08,182.08,2,1,AT_RISK
3db48afa-7f5c-4465-8b39-1cf1221bef43,f6483f49-7190-4ed1-b230-ebf5ab3da486,cust-924,suresh.chopra924@yahoo.com,Suresh Chopra,+919125341936,23,22,1,1482.53,67.39,0,0,LOYAL
dd699584-bb18-4e8f-ab67-881378188d5d,f6483f49-7190-4ed1-b230-ebf5ab3da486,cust-925,priya.iyer925@yahoo.com,Priya Iyer,+916616957932,25,22,3,5704.3,259.29,1,0,LOYAL
12a480ea-64fb-48b0-9b34-62e437cc58e0,f6483f49-7190-4ed1-b230-ebf5ab3da486,cust-926,sneha.bhat926@gmail.com,Sneha Bhat,+919067351947,19,15,4,2935.56,195.7,1,0,LOYAL
11f8b6f0-b641-41c9-af95-05db13a0d817,f6483f49-7190-4ed1-b230-ebf5ab3da486,cust-927,gaurav.reddy927@protonmail.com,Gaurav Reddy,+919932824269,19,14,5,1820.12,130.01,2,1,AT_RISK
6c408b53-a058-47bf-ad8a-8f4cada64338,f6483f49-7190-4ed1-b230-ebf5ab3da486,cust-928,lakshmi.reddy928@protonmail.com,Lakshmi Reddy,+915163914900,15,12,3,2473.01,206.08,1,0,LOYAL
ea5c7b24-b007-419d-a82e-4bd7e0097eca,f6483f49-7190-4ed1-b230-ebf5ab3da486,cust-929,deepa.iyer929@mail.com,Deepa Iyer,+919804271765,19,18,1,2524.11,140.23,0,0,LOYAL
a89bbb6c-ed5f-4e6d-b64c-6458c22186d3,f6483f49-7190-4ed1-b230-ebf5ab3da486,cust-930,aarav.chopra930@protonmail.com,Aarav Chopra,+918088703964,22,18,4,4913.88,272.99,1,0,NEW
fe4fd8ee-f48d-464c-8cf1-8fc4a116af6e,f6483f49-7190-4ed1-b230-ebf5ab3da486,cust-931,lakshmi.kumar931@gmail.com,Lakshmi Kumar,+911287114397,17,13,4,130.0,10.0,1,0,LOYAL
d9b8efcf-d516-43f7-8d5b-b2a2f4968928,f6483f49-7190-4ed1-b230-ebf5ab3da486,cust-932,diya.shah932@gmail.com,Diya Shah,+913647773634,18,9,9,1747.08,194.12,4,2,AT_RISK
315319a5-6ac6-42f3-910f-9299351079b4,f6483f49-7190-4ed1-b230-ebf5ab3da486,cust-933,ishita.pillai933@outlook.com,Ishita Pillai,+915712233291,19,17,2,2668.03,156.94,0,0,LOYAL
34eca09e-ad01-45be-903e-60d246020ea8,f6483f49-7190-4ed1-b230-ebf5ab3da486,cust-934,arun.verma934@protonmail.com,Arun Verma,+917618168228,30,13,17,1363.27,104.87,2,1,LOYAL
24e3322d-12fc-4ddf-8340-80d67946b21a,f6483f49-7190-4ed1-b230-ebf5ab3da486,cust-935,sneha.verma935@yahoo.com,Sneha Verma,+915277946131,19,18,1,2256.37,125.35,0,0,LOYAL
f47d3240-db66-428d-b879-02de91ee9e7a,f6483f49-7190-4ed1-b230-ebf5ab3da486,cust-936,nisha.desai936@outlook.com,Nisha Desai,+915396844360,23,19,4,2645.56,139.24,2,1,LOYAL
9e5c953e-3151-45a5-9daa-15398c1eb92f,f6483f49-7190-4ed1-b230-ebf5ab3da486,cust-937,gaurav.verma937@yahoo.com,Gaurav Verma,+912277634998,25,21,4,2970.18,141.44,3,1,LOYAL
2e1e7484-681c-42bf-a662-9f85b6ccaf37,f6483f49-7190-4ed1-b230-ebf5ab3da486,cust-938,nisha.desai938@yahoo.com,Nisha Desai,+917306952985,20,15,5,1119.58,74.64,3,2,LOYAL
f9804e90-5e62-422b-97ed-6cfa51be505a,f6483f49-7190-4ed1-b230-ebf5ab3da486,cust-939,amit.patel939@protonmail.com,Amit Patel,+915227662640,21,17,4,2046.2,120.36,2,0,LOYAL
f06547ac-6956-425f-bb14-425f9bfbd4cf,f6483f49-7190-4ed1-b230-ebf5ab3da486,cust-940,vikram.shah940@mail.com,Vikram Shah,+912779913227,22,17,5,2221.88,130.7,1,0,AT_RISK
c9cc3239-26d0-4a33-87d1-ea374ed966d3,f6483f49-7190-4ed1-b230-ebf5ab3da486,cust-941,ravi.chopra941@gmail.com,Ravi Chopra,+915736110152,26,23,3,2382.49,103.59,2,1,LOYAL
0b5dcb44-62ed-431f-ac56-ad93a0f4e957,f6483f49-7190-4ed1-b230-ebf5ab3da486,cust-942,ravi.verma942@mail.com,Ravi Verma,+910497465679,25,23,2,2772.36,120.54,0,0,LOYAL
58268c15-febe-4495-a004-21861da0f2e2,f6483f49-7190-4ed1-b230-ebf5ab3da486,cust-943,ishita.iyer943@mail.com,Ishita Iyer,+912634262536,17,10,7,1481.16,148.12,1,0,AT_RISK
775a9bdb-698c-4f9d-9fb8-3d06185fe33d,f6483f49-7190-4ed1-b230-ebf5ab3da486,cust-944,rohan.verma944@protonmail.com,Rohan Verma,+911710854176,25,21,4,5304.68,252.6,1,0,AT_RISK
5ca94119-a65a-4fec-a843-c6ba2783e9b7,f6483f49-7190-4ed1-b230-ebf5ab3da486,cust-945,ananya.chopra945@outlook.com,Ananya Chopra,+916517725351,19,14,5,2306.6,164.76,1,0,NEW
7ee7ecd8-cfc2-47d7-b037-a432a0df7bd8,f6483f49-7190-4ed1-b230-ebf5ab3da486,cust-946,karan.mishra946@yahoo.com,Karan Mishra,+915117786199,26,23,3,4405.07,191.52,1,0,LOYAL
025cb300-0f69-416f-ad27-a0da0033dec8,f6483f49-7190-4ed1-b230-ebf5ab3da486,cust-947,arun.mishra947@protonmail.com,Arun Mishra,+917294831337,12,9,3,1417.71,157.52,0,0,AT_RISK
2563eb13-f9a5-4014-b0b8-f47d3148ebb4,f6483f49-7190-4ed1-b230-ebf5ab3da486,cust-948,rahul.verma948@protonmail.com,Rahul Verma,+915709046142,23,18,5,1933.94,107.44,2,1,NEW
9ac56cca-bca9-4a49-80f9-bf63b1c65452,f6483f49-7190-4ed1-b230-ebf5ab3da486,cust-949,manish.joshi949@yahoo.com,Manish Joshi,+916280435776,21,17,4,1613.91,94.94,1,0,LOYAL
0d623ad7-459a-466c-a836-47af3a641a78,f6483f49-7190-4ed1-b230-ebf5ab3da486,cust-950,rahul.shah950@gmail.com,Rahul Shah,+910179599739,19,15,4,1421.42,94.76,2,1,LOYAL
3355e11a-862d-493e-934f-8a9c907446f8,f6483f49-7190-4ed1-b230-ebf5ab3da486,cust-951,harsh.bhat951@yahoo.com,Harsh Bhat,+912631623911,18,11,7,1912.98,173.91,1,0,LOYAL
a824c0e9-5543-44e4-9daa-db0f9ea2d7e6,f6483f49-7190-4ed1-b230-ebf5ab3da486,cust-952,jaya.singh952@outlook.com,Jaya Singh,+919788555435,21,17,4,2522.39,148.38,2,1,LOYAL
806c1b39-a238-4dab-b8a4-fdc6dea75261,f6483f49-7190-4ed1-b230-ebf5ab3da486,cust-953,deepa.shah953@mail.com,Deepa Shah,+915207077389,15,13,2,1876.45,144.34,1,0,LOYAL
64b856d7-fa73-4623-95bd-14fb0a977141,f6483f49-7190-4ed1-b230-ebf5ab3da486,cust-954,rahul.joshi954@yahoo.com,Rahul Joshi,+913231926916,22,10,12,1274.18,127.42,7,3,LOYAL
920381ce-0b23-4138-b8be-81ab31d37cd7,f6483f49-7190-4ed1-b230-ebf5ab3da486,cust-955,priya.das955@protonmail.com,Priya Das,+917809359983,16,14,2,2102.14,150.15,1,0,LOYAL
e3478275-087e-4eed-8a0b-e67c702621a8,f6483f49-7190-4ed1-b230-ebf5ab3da486,cust-956,sakshi.bhat956@outlook.com,Sakshi Bhat,+915675975780,12,11,1,2358.64,214.42,0,0,NEW
90fd767c-6a3f-4d6f-8de4-86513ee6ecd9,f6483f49-7190-4ed1-b230-ebf5ab3da486,cust-957,suresh.chopra957@mail.com,Suresh Chopra,+916106848913,15,12,3,2406.23,200.52,0,0,AT_RISK
efe33748-0f11-445d-b5dd-e4cd4d28c652,f6483f49-7190-4ed1-b230-ebf5ab3da486,cust-958,dev.pillai958@outlook.com,Dev Pillai,+914779842630,13,9,4,1972.44,219.16,2,0,AT_RISK
47f1d2b8-fb2e-4835-87fc-5f45dcb18cf4,f6483f49-7190-4ed1-b230-ebf5ab3da486,cust-959,kavya.iyer959@yahoo.com,Kavya Iyer,+912263467538,23,17,6,1968.73,115.81,4,1,LOYAL
dd35ff01-ec0c-4701-bd46-ead85780f172,f6483f49-7190-4ed1-b230-ebf5ab3da486,cust-960,nisha.pillai960@yahoo.com,Nisha Pillai,+911131590130,20,16,4,3343.07,208.94,0,0,LOYAL
e08f0561-a299-4820-ab51-9a7cf955fd49,f6483f49-7190-4ed1-b230-ebf5ab3da486,cust-961,nisha.nair961@yahoo.com,Nisha Nair,+916219297089,21,10,11,1299.4,129.94,2,1,LOYAL
b5ba1998-3414-47e2-a553-bf44de3e0e2d,f6483f49-7190-4ed1-b230-ebf5ab3da486,cust-962,ananya.das962@gmail.com,Ananya Das,+914773432380,18,14,4,894.42,63.89,0,0,LOYAL
c6101b83-72b1-4e8c-8852-7c6b90fda016,f6483f49-7190-4ed1-b230-ebf5ab3da486,cust-963,dev.desai963@mail.com,Dev Desai,+917171467319,30,27,3,1004.68,37.21,0,0,LOYAL
51375c84-5885-4243-b41c-567bb196277b,f6483f49-7190-4ed1-b230-ebf5ab3da486,cust-964,lakshmi.desai964@outlook.com,Lakshmi Desai,+914590349133,17,10,7,429.28,42.93,5,2,NEW
9398d769-7c33-45cc-85cc-c3286bab59b2,f6483f49-7190-4ed1-b230-ebf5ab3da486,cust-965,amit.iyer965@outlook.com,Amit Iyer,+912768809780,18,15,3,1922.8,128.19,1,0,NEW
ab2576bc-d36d-4af5-8a35-052ce71eef2c,f6483f49-7190-4ed1-b230-ebf5ab3da486,cust-966,nisha.mehta966@yahoo.com,Nisha Mehta,+915116708863,16,9,7,1538.57,170.95,3,1,LOYAL
a74867d5-2142-4daa-88c9-49a027b294d8,f6483f49-7190-4ed1-b230-ebf5ab3da486,cust-967,priya.reddy967@protonmail.com,Priya Reddy,+911997818114,20,14,6,2253.1,160.94,4,1,NEW
1def7502-a0b0-493c-9fa3-681236829071,f6483f49-7190-4ed1-b230-ebf5ab3da486,cust-968,karan.das968@outlook.com,Karan Das,+919237380890,20,14,6,3209.15,229.22,0,0,LOYAL
ec2d616e-fb16-4b94-b0ff-6ddc0dfa8c44,f6483f49-7190-4ed1-b230-ebf5ab3da486,cust-969,neha.mishra969@mail.com,Neha Mishra,+911132409448,25,21,4,3829.25,182.35,1,0,AT_RISK
58c2f04a-dd1f-4ec0-b74e-762807b8c9bf,f6483f49-7190-4ed1-b230-ebf5ab3da486,cust-970,rahul.gupta970@mail.com,Rahul Gupta,+918048235960,15,8,7,1658.59,207.32,2,0,LOYAL
88d1b70f-1a94-4d1f-84ce-86ae745d851c,f6483f49-7190-4ed1-b230-ebf5ab3da486,cust-971,ravi.pillai971@yahoo.com,Ravi Pillai,+911581677262,15,14,1,2276.54,162.61,0,0,AT_RISK
c0351e9d-10e4-4788-b0e7-5af26fd9e8ab,f6483f49-7190-4ed1-b230-ebf5ab3da486,cust-972,ishita.reddy972@outlook.com,Ishita Reddy,+913965587146,15,12,3,2136.88,178.07,2,0,LOYAL
4995ef04-4479-4583-a998-4f3824f56591,f6483f49-7190-4ed1-b230-ebf5ab3da486,cust-973,sneha.patel973@protonmail.com,Sneha Patel,+916790682304,23,18,5,3416.79,189.82,3,1,LOYAL
7f5e55b0-3821-4dc3-ab7b-c6080064cc29,f6483f49-7190-4ed1-b230-ebf5ab3da486,cust-974,nisha.rao974@yahoo.com,Nisha Rao,+916854265127,16,13,3,2469.07,189.93,1,0,LOYAL
37763536-6164-4400-9408-f03eefd17279,f6483f49-7190-4ed1-b230-ebf5ab3da486,cust-975,suresh.nair975@outlook.com,Suresh Nair,+919138740872,26,20,6,1875.88,93.79,3,1,NEW
2e40bd22-e8b2-461f-a2e1-55a2962d0baa,f6483f49-7190-4ed1-b230-ebf5ab3da486,cust-976,lakshmi.rao976@protonmail.com,Lakshmi Rao,+916912415283,30,27,3,5913.19,219.01,1,0,LOYAL
3c7359cf-8175-449a-9fa6-9f5ab437eb37,f6483f49-7190-4ed1-b230-ebf5ab3da486,cust-977,priya.kulkarni977@gmail.com,Priya Kulkarni,+919918851671,19,13,6,1882.52,144.81,4,0,LOYAL
5c1e3929-54f7-42b8-b5c4-d30d21d01c37,f6483f49-7190-4ed1-b230-ebf5ab3da486,cust-978,jaya.rao978@mail.com,Jaya Rao,+916185832953,23,21,2,3820.1,181.91,1,0,LOYAL
d9122fdc-59df-459e-a41d-f187d0ffed4c,f6483f49-7190-4ed1-b230-ebf5ab3da486,cust-979,ananya.reddy979@mail.com,Ananya Reddy,+912975942094,28,26,2,2381.78,91.61,0,0,LOYAL
e25947bc-4866-4657-ae62-fa4b3a6191f6,f6483f49-7190-4ed1-b230-ebf5ab3da486,cust-980,neha.desai980@protonmail.com,Neha Desai,+918419025396,18,13,5,1429.62,109.97,0,0,AT_RISK
f76b3926-b4fe-4f82-a403-7a2aaea62c9a,f6483f49-7190-4ed1-b230-ebf5ab3da486,cust-981,amit.patel981@protonmail.com,Amit Patel,+911419993145,7,5,2,853.29,170.66,0,0,LOYAL
e8f4b087-371b-4ece-9507-2e7d127b654a,f6483f49-7190-4ed1-b230-ebf5ab3da486,cust-982,gaurav.rao982@gmail.com,Gaurav Rao,+912914756212,20,15,5,2070.55,138.04,1,0,LOYAL
640f9a90-2ec2-4686-b175-8a467f8895be,f6483f49-7190-4ed1-b230-ebf5ab3da486,cust-983,kavya.sharma983@gmail.com,Kavya Sharma,+915575248561,23,16,7,2320.55,145.03,3,1,LOYAL
2d1b89fd-5b5e-456a-8320-ea9efeed2e66,f6483f49-7190-4ed1-b230-ebf5ab3da486,cust-984,pooja.nair984@outlook.com,Pooja Nair,+919082641784,18,14,4,3123.2,223.09,2,1,LOYAL
ac78862e-c629-4045-aa7b-514a63dceb32,f6483f49-7190-4ed1-b230-ebf5ab3da486,cust-985,karan.mehta985@mail.com,Karan Mehta,+911965386894,21,15,6,1658.96,110.6,2,1,NEW
d948d93d-9fa3-4f05-83f4-be76b2bb1732,f6483f49-7190-4ed1-b230-ebf5ab3da486,cust-986,arun.kumar986@outlook.com,Arun Kumar,+918796362307,19,17,2,3362.55,197.8,1,0,NEW
9fe85358-2fca-4141-9ef4-4cb90185e868,f6483f49-7190-4ed1-b230-ebf5ab3da486,cust-987,ravi.mehta987@mail.com,Ravi Mehta,+914561775835,16,11,5,1684.78,153.16,1,0,AT_RISK
2a44082a-1a38-4bc0-a229-c3cae2f00609,f6483f49-7190-4ed1-b230-ebf5ab3da486,cust-988,suresh.das988@gmail.com,Suresh Das,+916579517369,15,13,2,1200.09,92.31,1,0,LOYAL
c684ff3c-bdee-425f-ad99-698223912028,f6483f49-7190-4ed1-b230-ebf5ab3da486,cust-989,priya.das989@gmail.com,Priya Das,+913785598676,11,8,3,1257.7,157.21,2,1,LOYAL
4e3a413f-c94c-43b5-bfba-9138d41f7f96,f6483f49-7190-4ed1-b230-ebf5ab3da486,cust-990,aarav.joshi990@mail.com,Aarav Joshi,+911632404836,27,21,6,2468.55,117.55,3,1,NEW
feded7a3-8a90-4577-8bd9-aa48a3969005,f6483f49-7190-4ed1-b230-ebf5ab3da486,cust-991,meera.mehta991@outlook.com,Meera Mehta,+914049272753,16,13,3,2409.23,185.33,0,0,LOYAL
edddfc1f-817a-435c-bd22-d858de1d8055,f6483f49-7190-4ed1-b230-ebf5ab3da486,cust-992,neha.rao992@yahoo.com,Neha Rao,+918836782817,27,22,5,2984.18,135.64,2,1,NEW
12131b5d-8d2c-4264-b568-5b06705a5704,f6483f49-7190-4ed1-b230-ebf5ab3da486,cust-993,arun.das993@outlook.com,Arun Das,+916672843431,25,23,2,3276.96,142.48,1,0,LOYAL
47d1bf2e-7777-43d1-9957-6f8233f90d47,f6483f49-7190-4ed1-b230-ebf5ab3da486,cust-994,dev.nair994@gmail.com,Dev Nair,+911597575361,19,15,4,1007.14,67.14,2,0,LOYAL
0f05f68b-202d-4548-9394-f93abafccc4a,f6483f49-7190-4ed1-b230-ebf5ab3da486,cust-995,amit.mishra995@protonmail.com,Amit Mishra,+918133138787,15,12,3,2077.98,173.17,0,0,NEW
046ac089-9f20-44c0-a35c-0a166671ae7c,f6483f49-7190-4ed1-b230-ebf5ab3da486,cust-996,vikram.pillai996@gmail.com,Vikram Pillai,+913282190262,24,16,8,2090.46,130.65,4,3,AT_RISK
2a1c310c-154e-47c7-814b-f589e7b99684,f6483f49-7190-4ed1-b230-ebf5ab3da486,cust-997,pooja.mehta997@protonmail.com,Pooja Mehta,+916202068455,18,15,3,1548.13,103.21,1,0,LOYAL
bf89b09a-1514-4c45-aac7-8ae2202b7285,f6483f49-7190-4ed1-b230-ebf5ab3da486,cust-998,priya.reddy998@mail.com,Priya Reddy,+915689779823,27,20,7,3214.17,160.71,1,0,NEW
4c9b5a8c-5a74-4729-a27c-788878dee418,f6483f49-7190-4ed1-b230-ebf5ab3da486,cust-999,pooja.mehta999@outlook.com,Pooja Mehta,+915063877509,14,13,1,1378.23,106.02,0,0,AT_RISK
